2026-06-10 14:42:08 - === New search request ===
2026-06-10 14:42:09 - Temp file saved: ../../temp/6a295ba104699_1781095329_1779360289_6a0ee22163fc4.jpeg
2026-06-10 14:42:09 - Uploading to ImgBB...
2026-06-10 14:42:15 - Image uploaded to: https://i.ibb.co/ksmBPgWy/e325247da79a.jpg
2026-06-10 14:42:15 - Calling SerApi Google Lens...
2026-06-10 14:42:16 - SerApi error: SerApi HTTP 401
2026-06-10 14:42:31 - === New search request ===
2026-06-10 14:42:31 - Temp file saved: ../../temp/6a295bb7cf577_1781095351_1779360361_6a0ee269e9052.jpeg
2026-06-10 14:42:31 - Uploading to ImgBB...
2026-06-10 14:42:34 - Image uploaded to: https://i.ibb.co/YTfRQT2v/c67c2c78969c.jpg
2026-06-10 14:42:34 - Calling SerApi Google Lens...
2026-06-10 14:42:35 - SerApi error: SerApi HTTP 401
2026-06-10 14:43:19 - === New search request ===
2026-06-10 14:43:19 - Temp file saved: ../../temp/6a295be77f79c_1781095399_1779539433_6a119de956ae9.jpeg
2026-06-10 14:43:19 - Uploading to ImgBB...
2026-06-10 14:43:21 - Image uploaded to: https://i.ibb.co/nqwdCBD7/004ab9df3223.jpg
2026-06-10 14:43:21 - Calling SerApi Google Lens...
2026-06-10 14:43:22 - SerApi error: SerApi HTTP 401
2026-06-10 14:44:00 - === New search request ===
2026-06-10 14:44:00 - Temp file saved: ../../temp/6a295c10497ac_1781095440_1779360361_6a0ee269e9052.jpeg
2026-06-10 14:44:00 - Uploading to ImgBB...
2026-06-10 14:44:02 - Image uploaded to: https://i.ibb.co/YTfRQT2v/c67c2c78969c.jpg
2026-06-10 14:44:02 - Calling SerApi Google Lens...
2026-06-10 14:44:03 - SerApi error: SerApi HTTP 401
2026-06-10 14:44:32 - === New search request ===
2026-06-10 14:44:32 - Temp file saved: ../../temp/6a295c301c714_1781095472_1779738065_6a14a5d1f3007.jpg
2026-06-10 14:44:32 - Uploading to ImgBB...
2026-06-10 14:44:33 - Image uploaded to: https://i.ibb.co/Tx5Zy5wC/6b3409123953.jpg
2026-06-10 14:44:33 - Calling SerApi Google Lens...
2026-06-10 14:44:34 - SerApi error: SerApi HTTP 401
2026-06-10 14:47:17 - === New search request ===
2026-06-10 14:47:17 - Temp file saved: ../../temp/6a295cd51323f_1781095637_1779360289_6a0ee22163fc4.jpeg
2026-06-10 14:47:17 - Uploading to ImgBB...
2026-06-10 14:47:19 - Image uploaded to: https://i.ibb.co/ksmBPgWy/e325247da79a.jpg
2026-06-10 14:47:19 - Calling SerApi Google Lens...
2026-06-10 14:47:48 - SerApi response received
2026-06-10 14:47:48 - Found 59 visual matches
2026-06-10 14:47:48 - Search terms: Photos by Minaably❤️🦋 (@minahhomedecor) · April 29, 2026, Generic Blue Velvet Curtains Set of 3 - 15m Each, Thermal, Curtain velvet 1.5m ni 23,000 2m ni 28,000 2 velvet 1 lace ..., TUMESHUSHA MZIGO MPYA WA PAZIA SETI UTAIPATA KWA SH 45000 TU., Generic Blue Heavy Velvet Curtains - 2pcs 15m Each, Gold Velvet Window Curtains Set for sale - PHENOM CITY HOME ..., Mapazia 😊 Bei sawa na bure ushindwe wewe tu Bei..ni Pazia 1 ..., Pazia set yaani Nzito 2 na less 1 Bei ni 38,000/= Pazia kwa ..., WISPET Navy Blue Sequin Backdrop Curtains 2 Panels 4FTx8FT ..., Chelston Avondale Chainda houses for rents and sale ..., Amazon.com : Poise3EHome 4Pcs 2Ft x 8Ft Blue Sequin Backdrop ..., Curtains Set (Pazia Set , Pazia Nzito 2 Na Less 1) for sale ..., TOUCH OF CLASS CAMELOT BLUE NAVY DAMASK WITH JACQUARD (2 ..., Chenille Blue Damask Curtains, Victorian Antique Gold ..., 3pc Marble & Velvet Curtains. 2pc's Curtains(1.5M each ..., Amazon.com: Deeprove Blue Sheer Curtains 63 Inch Length 2 ..., Velvet 10ft H x 52" W Drape/Backdrop Curtain Panel - Royal ..., farbateks Lacivert Gold Varak Parlak Bağcıklı Opart Kumaş ..., Navy Blue Gold Damask Blackout Window Curtain, Chinoiserie ..., Metallic Foil Printed Damask Pattern Blackout Curtains ..., BalsaCircle 8 feet x 8 feet Royal Blue Velvet Backdrop ..., Blue Velvet Curtains Celestial - Etsy, 3pc Marble Velvet Curtains @Ksh 2,900 wholesale price Kenya ..., Marcelo Metallic Velvet Damask Room Darkening Grommet Window ..., hot pink sequin curtains 4 panels measuring 2ftx8ft perfect ..., 5ft x 14ft Velvet Backdrop for Photo Booth Navy Blue | TCFLinen, Generic Blue Heavy Velvet Curtains - Set of 3, 15m Each, Velvet 16ft H x 52" W Drape/Backdrop Curtain Panel - Navy ..., We have ready made curtains in our shop.ready to hang ..., Antique Velvet Curtains, 775196771 ⍟ #rideaux_3_pieces | TikTok, Blue Velvet Curtains Images – Browse 82,385 Stock Photos ..., Buy Indigo blue block print window curtains - Blue Flowers ..., Sapphire Shimmer Royal Blue Metallic Glittering Curtains, 20 feet x 10 feet Metallic Spandex Backdrop Curtain, Amazon.com: AK TRADING CO. 10 feet x 10 feet Lush Velvet ..., Sheer Curtains With Gold Accents: Baroque... From Doujiangne ..., Blue Mariposa Upholstered Custom Printed Linen Privacy ..., golden sequin photography backdrop curtains 1pc 8ftx8ft - Temu, NAOMBA REPOST YAKO Pazia za velvet nzito Mita 1.5 Bei ..., Dark Blue and Gold Curtains, NAOMBA REPOST YAKO Pazia nzito zenye kuleta muonekano mzuri ..., Cordelia Navy Floral and Leaf Curtain Panel, Betheny Jacquard Curtain with Attached Valance – Glory Home ..., Navy Blue Striped Curtains: Bronzed Black Gold Patterned ..., خرید و قیمت پرده مخمل کالیفرنیا طلاکوب (متری 550000تومان) از ..., Stallion Decor Pvt Ltd in Lajpat Nagar 2,Delhi - Best Window ..., Best price for Classic Heavy Velvet Curtains -3pcs, 1.5m ..., Sparkle Life Gold Glitter Blue Velvet Blackout Curtain Drapes, Five Queens Court Woodstock Indigo 2-pack Window Curtain Set ..., Sequin Velvet 10ft H x 52" W Drape/Backdrop Curtain Panel ..., BalsaCircle Gold 20 feet x 10 feet Metallic Spandex Backdrop ..., Made to Measure Navy & Gold Chenille Curtains (Reversible ..., Curtain, Shop Generic 2 In 1 Curtains – Blackout & Sheer Window, Premium Jacquard Curtains Gold Leaf Pattern Double Sided ..., Abstract Metallic Marbled Velvet Curtain Pair - Heavyweight ..., AMORE, مارال پرده
2026-06-10 14:47:49 - Found 7 products in database
2026-06-10 14:54:45 - === New search request ===
2026-06-10 14:54:45 - Temp file saved: ../../temp/6a295e9533ff3_1781096085_1779360361_6a0ee269e9052.jpeg
2026-06-10 14:54:45 - Uploading to ImgBB...
2026-06-10 14:54:47 - Image uploaded to: https://i.ibb.co/YTfRQT2v/c67c2c78969c.jpg
2026-06-10 14:54:47 - Calling SerpApi Google Lens...
2026-06-10 14:54:52 - SerpApi response received
2026-06-10 14:54:52 - Found 60 visual matches
2026-06-10 14:54:52 - Search terms: NAPOST PAZIA CHAMBUU PAZIA ZA 🔥🔥🔥🔥 PAZIA QUALITY SET ..., Photo by Steven (@home_curtain_) · February 4, 2026, NEW ARRIVALS 🔥NEW MATERIALS 🔥 🎀Rangi ni NYEUSI/BLACK ..., OFFER OFFER !!!!* *Pazia set new prices* M1.5 54,000 (3PC ..., Shekinah store (@shekinahstore2026) • Instagram photos and ..., Amazon.com: Taisier Home Gold Foil Print Linen Textured ..., PAZIA SETI 55000 Nzito 2 bila lesi 40000 Call/watsup ..., Reel by Abigael Athanas Mlowe (@abigail_pamba_kali_store ..., RoomMates Dimensional Grasscloth Peel and Stick ..., Black and Gold Jacquard Fabric Floral Wedding Dress Prom ..., Rustic Natural Black Gold Flecked Cork Fabric – Sallie Tomato, 3012-002 Burano - Lace Border - Gold Fabric | RJR Fabrics, Chuo cha mipango na maendeleo vijijini Dodoma(IRDP - DODOMA), Luxury Gilding Sofa Cover Universal Sofa Towel Non-Slip All ..., Wavy Metallic Brocade - Gold and Black, Stripe (Metallic Print) Wholesale Fabric in Black and Gold ..., GEE TRENDS OFFER‼️OFFER‼️OFFER‼️* MZIGO MPYA WA PAZIA ZA ..., Black Asooke with Gold Streaks Headtie – 5yardfabrics, Novelty Shantung-Weave Brocade - Yellow-Gold/Black | FABRICS ..., Carbon Fiber Light – Available in 6 Sizes for Your Projects, Black Velvet 100% Blackout Curtains, Extra Wide Gold Luxury ..., Waikiki Gold Fabric, The Gatsby – Clear Gold Glitter Acrylic Walking Stick – Neo Walk, Metallic Filiform Black and Gold Thick Lurex Fabric - OneYard, Black with Gold Fleck Cork fabric – MM Cork Supply, 3pc Marble & Velvet Curtains. 2pc's Curtains(1.5M each ..., Black Dimensional Grasscloth Peel and Stick Wallpaper ..., Three-dimensional Gilt Texture Brocade Jacquard Fabric for ..., Luxury Curtains Room European Velvet Tulle Grey Vintage ..., Shop Portugal's Bestselling Cork Fabric - Durable & Stylish, Gold Stripes on Black Wrapping Paper, 17.5 sq. ft ..., Wall Panel Waist Line Molding Trim Timber Thick Stair ..., Metallic Foil Striped Printed Woven Wool Tweed Coating ..., Mesh Fantasy Glitter Gold - YES Fabrics, DDCM-006 – Wall Molding and Water-Resistant 3D Panels Shop, Cork Fabric - Black with Metallic Gold - Sew Sweetness, HEART OF DARKNESS Easton Press | Joseph Conrad | First ..., Gold and Black Eyelash Striped Ribbon Embellished Black Home ..., Tipis Cotton Fabric | Teton Trade Cloth, China Customized PS Wall Panel For Uzbekistan Market ..., PEAK's Painted Music Stands — Peak Stands-The Best Portable ..., Clear Mirror Panel | Interior Wall Mirror Melbourne | THQ, CHIHUT Matte Black Gold Marble Contact Paper for Countertops ..., Wavy Geometric Prom 4 Way Stretch Sequins, Supoo Top Quality Tribute Brocade Fabric Polyester High-end ..., RAFTERS ECO – Element Decor, Durable Non-Slip Strips- N30 | Ecoglo Visibly Better, China Waterproof Wood-Grain Fluted WPC Wall Panels ..., Rising Stars: Meet Jeff Ragland of Mission Hills – SDVoyager ..., China Customized 160x24mm WPC Wall Panel For Interior Decor ..., Black Gold Wrapping Paper Ribbli Birthday Wrapping Paper (3 ..., Covington Dundee Antique Blue 58" Upholstery Fabric - Sailrite, 94%Polyester 6%Nylon Blended Chanel-Style Fabric 146cm Width ..., Polyester Stretch - Rito.com, PRE-CUTS, FIBERS by SICIS - Ceramic Matrix - Floridas Natural Stone ..., Phudist Ridswaeng # Lines # Abstract Art For Sale, Science + Technology Gift Wrap | Impressive Ink, Jacquard, What tools are needed to install interior ps wall panels ...
2026-06-10 14:54:52 - Found 7 products in database
2026-06-10 14:54:52 - Image found at: ../../assets/uploads/products/1780549697_6a21084173a28.jpeg
2026-06-10 14:54:52 - Image found at: ../../assets/uploads/products/1780549793_6a2108a1422fd.jpeg
2026-06-10 14:54:52 - Image found at: ../../assets/uploads/products/1780549867_6a2108eb9b7b0.jpeg
2026-06-10 14:54:52 - Image found at: ../../assets/uploads/products/1780549916_6a21091c8bfd1.jpeg
2026-06-10 14:54:52 - Image found at: ../../assets/uploads/products/1780550005_6a2109754664d.jpeg
2026-06-10 14:54:52 - Image found at: ../../assets/uploads/products/1780609524_6a21f1f4bec24.jpeg
2026-06-10 14:54:52 - Image found at: ../../assets/uploads/products/1780609600_6a21f2402c79b.jpeg
2026-06-10 14:54:52 - Returning 7 products
2026-06-10 14:59:26 - === New search request ===
2026-06-10 14:59:26 - Temp file saved: ../../temp/6a295fae8e645_1781096366_1779360361_6a0ee269e9052.jpeg
2026-06-10 14:59:26 - Uploading to ImgBB...
2026-06-10 14:59:29 - Image uploaded to: https://i.ibb.co/YTfRQT2v/c67c2c78969c.jpg
2026-06-10 14:59:29 - Calling SerpApi Google Lens...
2026-06-10 14:59:30 - SerpApi response received
2026-06-10 14:59:30 - Found 60 visual matches
2026-06-10 14:59:30 - Search terms: NAPOST PAZIA CHAMBUU PAZIA ZA 🔥🔥🔥🔥 PAZIA QUALITY SET ..., Photo by Steven (@home_curtain_) · February 4, 2026, NEW ARRIVALS 🔥NEW MATERIALS 🔥 🎀Rangi ni NYEUSI/BLACK ..., OFFER OFFER !!!!* *Pazia set new prices* M1.5 54,000 (3PC ..., Shekinah store (@shekinahstore2026) • Instagram photos and ..., Amazon.com: Taisier Home Gold Foil Print Linen Textured ..., PAZIA SETI 55000 Nzito 2 bila lesi 40000 Call/watsup ..., Reel by Abigael Athanas Mlowe (@abigail_pamba_kali_store ..., RoomMates Dimensional Grasscloth Peel and Stick ..., Black and Gold Jacquard Fabric Floral Wedding Dress Prom ..., Rustic Natural Black Gold Flecked Cork Fabric – Sallie Tomato, 3012-002 Burano - Lace Border - Gold Fabric | RJR Fabrics, Chuo cha mipango na maendeleo vijijini Dodoma(IRDP - DODOMA), Luxury Gilding Sofa Cover Universal Sofa Towel Non-Slip All ..., Wavy Metallic Brocade - Gold and Black, Stripe (Metallic Print) Wholesale Fabric in Black and Gold ..., GEE TRENDS OFFER‼️OFFER‼️OFFER‼️* MZIGO MPYA WA PAZIA ZA ..., Black Asooke with Gold Streaks Headtie – 5yardfabrics, Novelty Shantung-Weave Brocade - Yellow-Gold/Black | FABRICS ..., Carbon Fiber Light – Available in 6 Sizes for Your Projects, Black Velvet 100% Blackout Curtains, Extra Wide Gold Luxury ..., Waikiki Gold Fabric, The Gatsby – Clear Gold Glitter Acrylic Walking Stick – Neo Walk, Metallic Filiform Black and Gold Thick Lurex Fabric - OneYard, Black with Gold Fleck Cork fabric – MM Cork Supply, 3pc Marble & Velvet Curtains. 2pc's Curtains(1.5M each ..., Black Dimensional Grasscloth Peel and Stick Wallpaper ..., Three-dimensional Gilt Texture Brocade Jacquard Fabric for ..., Luxury Curtains Room European Velvet Tulle Grey Vintage ..., Shop Portugal's Bestselling Cork Fabric - Durable & Stylish, Gold Stripes on Black Wrapping Paper, 17.5 sq. ft ..., Wall Panel Waist Line Molding Trim Timber Thick Stair ..., Metallic Foil Striped Printed Woven Wool Tweed Coating ..., Mesh Fantasy Glitter Gold - YES Fabrics, DDCM-006 – Wall Molding and Water-Resistant 3D Panels Shop, Cork Fabric - Black with Metallic Gold - Sew Sweetness, HEART OF DARKNESS Easton Press | Joseph Conrad | First ..., Gold and Black Eyelash Striped Ribbon Embellished Black Home ..., Tipis Cotton Fabric | Teton Trade Cloth, China Customized PS Wall Panel For Uzbekistan Market ..., PEAK's Painted Music Stands — Peak Stands-The Best Portable ..., Clear Mirror Panel | Interior Wall Mirror Melbourne | THQ, CHIHUT Matte Black Gold Marble Contact Paper for Countertops ..., Wavy Geometric Prom 4 Way Stretch Sequins, Supoo Top Quality Tribute Brocade Fabric Polyester High-end ..., RAFTERS ECO – Element Decor, Durable Non-Slip Strips- N30 | Ecoglo Visibly Better, China Waterproof Wood-Grain Fluted WPC Wall Panels ..., Rising Stars: Meet Jeff Ragland of Mission Hills – SDVoyager ..., China Customized 160x24mm WPC Wall Panel For Interior Decor ..., Black Gold Wrapping Paper Ribbli Birthday Wrapping Paper (3 ..., Covington Dundee Antique Blue 58" Upholstery Fabric - Sailrite, 94%Polyester 6%Nylon Blended Chanel-Style Fabric 146cm Width ..., Polyester Stretch - Rito.com, PRE-CUTS, FIBERS by SICIS - Ceramic Matrix - Floridas Natural Stone ..., Phudist Ridswaeng # Lines # Abstract Art For Sale, Science + Technology Gift Wrap | Impressive Ink, Jacquard, What tools are needed to install interior ps wall panels ...
2026-06-10 14:59:31 - Found 7 products in database
2026-06-10 14:59:31 - Image found at: ../../assets/uploads/products/1780549697_6a21084173a28.jpeg
2026-06-10 14:59:31 - Image found at: ../../assets/uploads/products/1780549793_6a2108a1422fd.jpeg
2026-06-10 14:59:31 - Image found at: ../../assets/uploads/products/1780549867_6a2108eb9b7b0.jpeg
2026-06-10 14:59:31 - Image found at: ../../assets/uploads/products/1780549916_6a21091c8bfd1.jpeg
2026-06-10 14:59:31 - Image found at: ../../assets/uploads/products/1780550005_6a2109754664d.jpeg
2026-06-10 14:59:31 - Image found at: ../../assets/uploads/products/1780609524_6a21f1f4bec24.jpeg
2026-06-10 14:59:31 - Image found at: ../../assets/uploads/products/1780609600_6a21f2402c79b.jpeg
2026-06-10 14:59:31 - Returning 7 products
2026-06-10 15:09:08 - === New search request ===
2026-06-10 15:09:08 - Temp file saved: ../../temp/6a2961f4b84aa_1781096948_1779360361_6a0ee269e9052.jpeg
2026-06-10 15:09:08 - Uploading to ImgBB...
2026-06-10 15:09:11 - Image uploaded to: https://i.ibb.co/YTfRQT2v/c67c2c78969c.jpg
2026-06-10 15:09:11 - Calling SerpApi Google Lens...
2026-06-10 15:09:12 - SerpApi response received
2026-06-10 15:09:12 - Found 60 visual matches
2026-06-10 15:09:12 - Search terms: NAPOST PAZIA CHAMBUU PAZIA ZA 🔥🔥🔥🔥 PAZIA QUALITY SET ..., Photo by Steven (@home_curtain_) · February 4, 2026, NEW ARRIVALS 🔥NEW MATERIALS 🔥 🎀Rangi ni NYEUSI/BLACK ..., OFFER OFFER !!!!* *Pazia set new prices* M1.5 54,000 (3PC ..., Shekinah store (@shekinahstore2026) • Instagram photos and ..., Amazon.com: Taisier Home Gold Foil Print Linen Textured ..., PAZIA SETI 55000 Nzito 2 bila lesi 40000 Call/watsup ..., Reel by Abigael Athanas Mlowe (@abigail_pamba_kali_store ..., RoomMates Dimensional Grasscloth Peel and Stick ..., Black and Gold Jacquard Fabric Floral Wedding Dress Prom ..., Rustic Natural Black Gold Flecked Cork Fabric – Sallie Tomato, 3012-002 Burano - Lace Border - Gold Fabric | RJR Fabrics, Chuo cha mipango na maendeleo vijijini Dodoma(IRDP - DODOMA), Luxury Gilding Sofa Cover Universal Sofa Towel Non-Slip All ..., Wavy Metallic Brocade - Gold and Black, Stripe (Metallic Print) Wholesale Fabric in Black and Gold ..., GEE TRENDS OFFER‼️OFFER‼️OFFER‼️* MZIGO MPYA WA PAZIA ZA ..., Black Asooke with Gold Streaks Headtie – 5yardfabrics, Novelty Shantung-Weave Brocade - Yellow-Gold/Black | FABRICS ..., Carbon Fiber Light – Available in 6 Sizes for Your Projects, Black Velvet 100% Blackout Curtains, Extra Wide Gold Luxury ..., Waikiki Gold Fabric, The Gatsby – Clear Gold Glitter Acrylic Walking Stick – Neo Walk, Metallic Filiform Black and Gold Thick Lurex Fabric - OneYard, Black with Gold Fleck Cork fabric – MM Cork Supply, 3pc Marble & Velvet Curtains. 2pc's Curtains(1.5M each ..., Black Dimensional Grasscloth Peel and Stick Wallpaper ..., Three-dimensional Gilt Texture Brocade Jacquard Fabric for ..., Luxury Curtains Room European Velvet Tulle Grey Vintage ..., Shop Portugal's Bestselling Cork Fabric - Durable & Stylish, Gold Stripes on Black Wrapping Paper, 17.5 sq. ft ..., Wall Panel Waist Line Molding Trim Timber Thick Stair ..., Metallic Foil Striped Printed Woven Wool Tweed Coating ..., Mesh Fantasy Glitter Gold - YES Fabrics, DDCM-006 – Wall Molding and Water-Resistant 3D Panels Shop, Cork Fabric - Black with Metallic Gold - Sew Sweetness, HEART OF DARKNESS Easton Press | Joseph Conrad | First ..., Gold and Black Eyelash Striped Ribbon Embellished Black Home ..., Tipis Cotton Fabric | Teton Trade Cloth, China Customized PS Wall Panel For Uzbekistan Market ..., PEAK's Painted Music Stands — Peak Stands-The Best Portable ..., Clear Mirror Panel | Interior Wall Mirror Melbourne | THQ, CHIHUT Matte Black Gold Marble Contact Paper for Countertops ..., Wavy Geometric Prom 4 Way Stretch Sequins, Supoo Top Quality Tribute Brocade Fabric Polyester High-end ..., RAFTERS ECO – Element Decor, Durable Non-Slip Strips- N30 | Ecoglo Visibly Better, China Waterproof Wood-Grain Fluted WPC Wall Panels ..., Rising Stars: Meet Jeff Ragland of Mission Hills – SDVoyager ..., China Customized 160x24mm WPC Wall Panel For Interior Decor ..., Black Gold Wrapping Paper Ribbli Birthday Wrapping Paper (3 ..., Covington Dundee Antique Blue 58" Upholstery Fabric - Sailrite, 94%Polyester 6%Nylon Blended Chanel-Style Fabric 146cm Width ..., Polyester Stretch - Rito.com, PRE-CUTS, FIBERS by SICIS - Ceramic Matrix - Floridas Natural Stone ..., Phudist Ridswaeng # Lines # Abstract Art For Sale, Science + Technology Gift Wrap | Impressive Ink, Jacquard, What tools are needed to install interior ps wall panels ...
2026-06-10 15:09:13 - Found 7 products in database
2026-06-10 15:09:13 - Image found at: ../../assets/uploads/products/1780549697_6a21084173a28.jpeg
2026-06-10 15:09:13 - Image found at: ../../assets/uploads/products/1780549793_6a2108a1422fd.jpeg
2026-06-10 15:09:13 - Image found at: ../../assets/uploads/products/1780549867_6a2108eb9b7b0.jpeg
2026-06-10 15:09:13 - Image found at: ../../assets/uploads/products/1780549916_6a21091c8bfd1.jpeg
2026-06-10 15:09:13 - Image found at: ../../assets/uploads/products/1780550005_6a2109754664d.jpeg
2026-06-10 15:09:13 - Image found at: ../../assets/uploads/products/1780609524_6a21f1f4bec24.jpeg
2026-06-10 15:09:13 - Image found at: ../../assets/uploads/products/1780609600_6a21f2402c79b.jpeg
2026-06-10 15:09:13 - Returning 7 products
2026-06-10 15:10:00 - === New search request ===
2026-06-10 15:10:00 - Temp file saved: ../../temp/6a29622854d57_1781097000_1779360289_6a0ee22163fc4.jpeg
2026-06-10 15:10:00 - Uploading to ImgBB...
2026-06-10 15:10:02 - Image uploaded to: https://i.ibb.co/ksmBPgWy/e325247da79a.jpg
2026-06-10 15:10:02 - Calling SerpApi Google Lens...
2026-06-10 15:10:03 - SerpApi response received
2026-06-10 15:10:03 - Found 59 visual matches
2026-06-10 15:10:03 - Search terms: Photos by Minaably❤️🦋 (@minahhomedecor) · April 29, 2026, Generic Blue Velvet Curtains Set of 3 - 15m Each, Thermal, Curtain velvet 1.5m ni 23,000 2m ni 28,000 2 velvet 1 lace ..., TUMESHUSHA MZIGO MPYA WA PAZIA SETI UTAIPATA KWA SH 45000 TU., Generic Blue Heavy Velvet Curtains - 2pcs 15m Each, Gold Velvet Window Curtains Set for sale - PHENOM CITY HOME ..., Mapazia 😊 Bei sawa na bure ushindwe wewe tu Bei..ni Pazia 1 ..., Pazia set yaani Nzito 2 na less 1 Bei ni 38,000/= Pazia kwa ..., WISPET Navy Blue Sequin Backdrop Curtains 2 Panels 4FTx8FT ..., Chelston Avondale Chainda houses for rents and sale ..., Amazon.com : Poise3EHome 4Pcs 2Ft x 8Ft Blue Sequin Backdrop ..., Curtains Set (Pazia Set , Pazia Nzito 2 Na Less 1) for sale ..., TOUCH OF CLASS CAMELOT BLUE NAVY DAMASK WITH JACQUARD (2 ..., Chenille Blue Damask Curtains, Victorian Antique Gold ..., 3pc Marble & Velvet Curtains. 2pc's Curtains(1.5M each ..., Amazon.com: Deeprove Blue Sheer Curtains 63 Inch Length 2 ..., Velvet 10ft H x 52" W Drape/Backdrop Curtain Panel - Royal ..., farbateks Lacivert Gold Varak Parlak Bağcıklı Opart Kumaş ..., Navy Blue Gold Damask Blackout Window Curtain, Chinoiserie ..., Metallic Foil Printed Damask Pattern Blackout Curtains ..., BalsaCircle 8 feet x 8 feet Royal Blue Velvet Backdrop ..., Blue Velvet Curtains Celestial - Etsy, 3pc Marble Velvet Curtains @Ksh 2,900 wholesale price Kenya ..., Marcelo Metallic Velvet Damask Room Darkening Grommet Window ..., hot pink sequin curtains 4 panels measuring 2ftx8ft perfect ..., 5ft x 14ft Velvet Backdrop for Photo Booth Navy Blue | TCFLinen, Generic Blue Heavy Velvet Curtains - Set of 3, 15m Each, Velvet 16ft H x 52" W Drape/Backdrop Curtain Panel - Navy ..., We have ready made curtains in our shop.ready to hang ..., Antique Velvet Curtains, 775196771 ⍟ #rideaux_3_pieces | TikTok, Blue Velvet Curtains Images – Browse 82,385 Stock Photos ..., Buy Indigo blue block print window curtains - Blue Flowers ..., Sapphire Shimmer Royal Blue Metallic Glittering Curtains, 20 feet x 10 feet Metallic Spandex Backdrop Curtain, Amazon.com: AK TRADING CO. 10 feet x 10 feet Lush Velvet ..., Sheer Curtains With Gold Accents: Baroque... From Doujiangne ..., Blue Mariposa Upholstered Custom Printed Linen Privacy ..., golden sequin photography backdrop curtains 1pc 8ftx8ft - Temu, NAOMBA REPOST YAKO Pazia za velvet nzito Mita 1.5 Bei ..., Dark Blue and Gold Curtains, NAOMBA REPOST YAKO Pazia nzito zenye kuleta muonekano mzuri ..., Cordelia Navy Floral and Leaf Curtain Panel, Betheny Jacquard Curtain with Attached Valance – Glory Home ..., Navy Blue Striped Curtains: Bronzed Black Gold Patterned ..., خرید و قیمت پرده مخمل کالیفرنیا طلاکوب (متری 550000تومان) از ..., Stallion Decor Pvt Ltd in Lajpat Nagar 2,Delhi - Best Window ..., Best price for Classic Heavy Velvet Curtains -3pcs, 1.5m ..., Sparkle Life Gold Glitter Blue Velvet Blackout Curtain Drapes, Five Queens Court Woodstock Indigo 2-pack Window Curtain Set ..., Sequin Velvet 10ft H x 52" W Drape/Backdrop Curtain Panel ..., BalsaCircle Gold 20 feet x 10 feet Metallic Spandex Backdrop ..., Made to Measure Navy & Gold Chenille Curtains (Reversible ..., Curtain, Shop Generic 2 In 1 Curtains – Blackout & Sheer Window, Premium Jacquard Curtains Gold Leaf Pattern Double Sided ..., Abstract Metallic Marbled Velvet Curtain Pair - Heavyweight ..., AMORE, مارال پرده
2026-06-10 15:10:04 - Found 7 products in database
2026-06-10 15:10:04 - Image found at: ../../assets/uploads/products/1780549697_6a21084173a28.jpeg
2026-06-10 15:10:04 - Image found at: ../../assets/uploads/products/1780549793_6a2108a1422fd.jpeg
2026-06-10 15:10:04 - Image found at: ../../assets/uploads/products/1780549867_6a2108eb9b7b0.jpeg
2026-06-10 15:10:04 - Image found at: ../../assets/uploads/products/1780549916_6a21091c8bfd1.jpeg
2026-06-10 15:10:04 - Image found at: ../../assets/uploads/products/1780550005_6a2109754664d.jpeg
2026-06-10 15:10:04 - Image found at: ../../assets/uploads/products/1780609524_6a21f1f4bec24.jpeg
2026-06-10 15:10:04 - Image found at: ../../assets/uploads/products/1780609600_6a21f2402c79b.jpeg
2026-06-10 15:10:04 - Returning 7 products
2026-06-10 15:10:35 - === New search request ===
2026-06-10 15:10:35 - Temp file saved: ../../temp/6a29624bf1dec_1781097035_1780413814_6a1ef576b24f2.webp
2026-06-10 15:10:35 - Uploading to ImgBB...
2026-06-10 15:10:37 - Image uploaded to: https://i.ibb.co/WWtP6RLF/2b2c46f8a6c5.webp
2026-06-10 15:10:37 - Calling SerpApi Google Lens...
2026-06-10 15:10:41 - SerpApi response received
2026-06-10 15:10:41 - Found 59 visual matches
2026-06-10 15:10:41 - Search terms: Samsung Galaxy S10 original with long lasting battery fresh ..., Samsung Galaxy S10+ G975U (USA) S10 Plus 6.4" 8GB RAM ..., Amazon.com: Samsung Galaxy S10, 128GB, Prism White ..., When Was The Samsung Galaxy S10 Plus Released, Samsung Galaxy S10+ Plus 512GB Unlocked Verizon T-Mobile ..., Amazon.com: Samsung Galaxy S10, 128GB, Prism Blue - Unlocked ..., Is the ceramic Galaxy S10+ worth it? | Android Central, Samsung Galaxy S10E 128GB White New Phone US Cellular ..., Review | Samsung Galaxy S10: best phone overall is sleek and ..., Samsung S10 plain 128gb Small display Price 275,000/= 📍Tupo ..., Specifications | Samsung Galaxy S10 | Samsung Caribbean, 📱 Samsung S10 5G Storage - 256GB RAM - 8GB Exchange is ..., Wholesale Samsung Galaxy Smartphone S10eBabaash USA, Samsung Galaxy S10e Is the Best New Galaxy Phone for Most ..., Samsung Galaxy S10+ PLUS Back Glass OEM Replacement ..., Samsung Galaxy S10e Prism Black White 128GB Unlocked ..., Samsung Galaxy S10 - UNLOCKED - Like New for Sale in San ..., Samsung Galaxy S10e Review: Features and Performance | TikTok, Amazon.com: Samsung Galaxy S10+ Factory Unlocked Android ..., 10 Reasons to Buy the S10e in 2026 and 3 Reasons NOT To ..., S10 Price In Samsung Galaxy S10e Silver Samsung Galaxy S10e ..., Samsung Galaxy S10+ – 6.4” Quad HD+ Display, Dual Selfie ..., Samsung Galaxy S10e Back Glass OEM Replacement Battery Door ..., Here's A First Look At Samsung's New Galaxy S10 Series That ..., SAMSUNG GALAXY S10+ | ChapMart | Online Marketplace for Fast ..., Unbeatable Prices ! Samsung Galaxy S10! $1 Down Available ..., Best cases for Samsung Galaxy S10e — Wires Computing ..., Samsung Galaxy S10 Plus "Real Review" - YouTube, Samsung Galaxy S10e SM-G970U 128GB Verizon 5.8" GSM+CDMA/4G ..., Samsung Galaxy S10 Plus Unlocked / Desbloqueado 😀 Different ..., Images we captured with the Samsung Galaxy S10 cameras are ..., Galaxy S10e Unicorn Beetle Style Clear Case-Black | SUPCASE, The Samsung Galaxy S10 range. All you need to know ..., Samsung Galaxy S10 Plus Unlocked - Refurbished & Used ..., Today only: Samsung Galaxy S10, S10+, and S10e are up to ..., Samsung :: Note Repair Parts :: Samsung Note 8 Parts ..., Liberty Logo Clear Samsung® Phone Case – Girls with Guns ..., Samsung Galaxy S10 Plus 128 GB Black for sale - Shaphil ..., Samsung Galaxy S10e SM-G970F 6GB 128GB Prism Black Class A ..., Certified Foreign Used Samsung S10 5G available •8gb + 256gb ..., APA Style Clear Case for Samsung® – APA Merch Store, Samsung Galaxy S10 Plus Unlogisch With Warranty - www.benaras.co, Samsung Galaxy S10 | S10 Plus | S10e - 128GB | 512GB ..., Used colder water to cool it down. Last thing I wanna do is ..., Samsung Galaxy S10+ - Straight Talk, Samsung Galaxy S10e review: Making compact flagships great ..., Jual Samsung Galaxy S10 plus 8/128gb SEIN MULUS NO MINUS ..., Glass S10 Case Phone Case For Samsung Galaxy S10 Plus Slim ..., Galaxy S10e Price Guide: What to Pay in Brazil (2024), Samsung Electronics Officially Launches Galaxy S10 in Global ..., Samsung Galaxy S10e 128GB - Lowest Price & Best Quality ..., Samsung Galaxy S10 128gb Unlocked, Amazon.com: Samsung Galaxy S10+ Plus SM-G975F/DS, 4G LTE ..., There Are Too Many Galaxy S10s - YouTube, Samsung Galaxy S10 | $2,750.00 | Kabwe, Central Province, Samsung Galaxy S10 Plus Unlocked 128GB - PAYMENTS PLAN ..., Neeyon Samsung Case: Gray // White | ShopNeeyon, Samsung Galaxy S10e Review: Little Compromise - Tech Advisor, Galaxy S10e - Product Guide, Specs, Prices, and More - Swappa
2026-06-10 15:10:43 - Found 8 products in database
2026-06-10 15:10:43 - Image found at: ../../assets/uploads/products/1780413814_6a1ef576b24f2.webp
2026-06-10 15:10:43 - Image found at: ../../assets/uploads/products/1780546795_6a20fceb50ac4.webp
2026-06-10 15:10:43 - Image found at: ../../assets/uploads/products/1780548688_6a2104504d910.webp
2026-06-10 15:10:43 - Image found at: ../../assets/uploads/products/1780548759_6a2104974ab0c.webp
2026-06-10 15:10:43 - Image found at: ../../assets/uploads/products/1780548841_6a2104e90866f.webp
2026-06-10 15:10:43 - Image found at: ../../assets/uploads/products/1780548932_6a2105449b491.webp
2026-06-10 15:10:43 - Image found at: ../../assets/uploads/products/1780548997_6a210585b2c5b.webp
2026-06-10 15:10:43 - Image found at: ../../assets/uploads/products/1780549107_6a2105f38e310.webp
2026-06-10 15:10:43 - Returning 8 products
2026-06-10 15:11:21 - === New search request ===
2026-06-10 15:11:21 - Temp file saved: ../../temp/6a2962793c17e_1781097081_1780415801_6a1efd39c71c4.webp
2026-06-10 15:11:21 - Uploading to ImgBB...
2026-06-10 15:11:22 - Image uploaded to: https://i.ibb.co/WWVyWKdK/ab95fbe74d19.webp
2026-06-10 15:11:22 - Calling SerpApi Google Lens...
2026-06-10 15:11:29 - SerpApi response received
2026-06-10 15:11:29 - Found 59 visual matches
2026-06-10 15:11:29 - Search terms: Samsung Galaxy S10+ SM-G975W - 512GB - Ceramic White ..., SAMSUNG Galaxy S10 G973, 128GB, GSM Unlocked Dual SIM, Water ..., Samsung Galaxy S10 G973U 128GB Prism Black Fully Unlocked ..., Amazon.com: Samsung Galaxy S10, 128GB + 6GB RAM, Prism Black ..., GB 128 RAM 8 Android 13 Camera Kali sana No Finger Very ..., Samsung Galaxy S10 SM-G973U GSM Unlocked - Good ..., Unlocked Samsung Galaxy S10 128gb Black for Sale in ..., Samsung Galaxy S10 128GB Prism Black Unlocked Excellent ..., Amazon.com: MAIGORAY Samsung Galaxy S10 128GB / 8GB RAM SM ..., Samsung Galaxy S10 Black 128GB Unlocked Normal - The ..., Samsung Galaxy S10 with 128GB Memory Cell Phone (Unlocked ..., Samsung Galaxy S10 – The near-perfect middle brother - YouTube, Samsung Galaxy S10 128GB 8GB RAM for sale, Samsung Galaxy S10 128GB, Prism Black Factory Unlocked ..., Samsung Galaxy S10 for Sale in Houston, TX - OfferUp, Seven years later (S10) : r/samsunggalaxy, Living with a Samsung Galaxy S10+ | PCMag, Samsung Galaxy S10 Price Tsh 330,000 Storage 128GB Dual Line ..., Samsung Galaxy S10 Plus Review: Two Months Later ..., Samsung S10 5G Black 256GB - Price 350,000 | TikTok, Samsung Galaxy S10 - 128 GB - Black (Unlocked) (Dual SIM ..., SamsungGalaxy S10 Black 128GB | Mercari, Galaxy S10 as my primary phone in 2026 — still going strong ..., Samsung S10+ Cricket S10 Plus Samsung Galaxy S10 128gb ..., Samsung S10plus. ...128gb Unlo K Any Sim, Hands On with the Samsung Galaxy S10 Series (Phone Scoop), Samsung Galaxy S10 128gb Unlocked for Sale in Raleigh, NC ..., Amazon.com: SAMSUNG Galaxy S10+ Plus 128GB SM-G975U Single ..., Samsung S10 Plus 128GB|Ram 8GB All Colors Tsh 330,000/= tzs ..., Samsung Galaxy S10 Lite vs Galaxy S10: What's the difference ..., Buy Second Hand Samsung S10 - Used Mobile Phones in ..., Samsung Galaxy S10 128 GB Black for sale - Gogogadget ..., This Old Samsung Still Has An AMAZING Camera - YouTube, Galaxy S10 + | Cell Smart, Samsung S10 128GB - No Fault 10/10 Condition - Final 38000 ..., Samsung Galaxy S10+ - Ugasales, Samsung Galaxy S10 G973U 4G 128GB+8GB LTE Unlocked Android ..., Upgrading from the Galaxy S10 to the S24 After Six Years of ..., samsung s10 plus 128gb k2500 or swap and top up allowed, Android Smartphone Samsung S10 5g Silver Samsung Galaxy S10 ..., Amazon.com: Samsung Galaxy Cellphone - S10 - Verizon ..., Restored Samsung G975 Galaxy S10 Plus, 128 GB, Prism Black ..., Specifications | Samsung Galaxy S10 | Samsung Caribbean, Samsung Galaxy S10 Plus - Verizon, 128GB, Black, 8GB, SM ..., AzadBazar, Samsung Galaxy S10 vs S10e: Which One To Choose? | TikTok, Samsung Galaxy S10plus Full box📦 2850000Sh… 0657518855Call ..., Wholesale original refurbished Samsung S10 Unlocked_Shenzhen ..., Samsung galaxy s10 at shs 480 000ugx for sale in Uganda, Samsung Galaxy S10 Review, Selling brand's mobile at cheap price - Mobile Phones in ..., Samsung's fastest-ever Android 10 update hits the US on T ..., Samsung Galaxy S10 In 2024! My Favorite Of the series! - YouTube, Samsung Galaxy S10 128GB (Black) | C Spire Wireless, SAMSUNG GALAXY S10 512GB STORAGE Price:400,000/= 0747692699 ..., Goodbye to my S10 : r/galaxys10, Samsung Galaxy S10 review - Pocket-lint, Samsung Galaxy S10+ Plus Black 128GB ANY CARRIER for Sale in ..., Samsung Galaxy S10 Review: No-Brainer Best Android For ...
2026-06-10 15:11:29 - Found 8 products in database
2026-06-10 15:11:29 - Image found at: ../../assets/uploads/products/1780413814_6a1ef576b24f2.webp
2026-06-10 15:11:29 - Image found at: ../../assets/uploads/products/1780546795_6a20fceb50ac4.webp
2026-06-10 15:11:29 - Image found at: ../../assets/uploads/products/1780548688_6a2104504d910.webp
2026-06-10 15:11:29 - Image found at: ../../assets/uploads/products/1780548759_6a2104974ab0c.webp
2026-06-10 15:11:29 - Image found at: ../../assets/uploads/products/1780548841_6a2104e90866f.webp
2026-06-10 15:11:29 - Image found at: ../../assets/uploads/products/1780548932_6a2105449b491.webp
2026-06-10 15:11:29 - Image found at: ../../assets/uploads/products/1780548997_6a210585b2c5b.webp
2026-06-10 15:11:29 - Image found at: ../../assets/uploads/products/1780549107_6a2105f38e310.webp
2026-06-10 15:11:29 - Returning 8 products
2026-06-10 15:50:14 - === New search request ===
2026-06-10 15:50:14 - Temp file saved: ../../temp/6a296b96b9515_1781099414_1779360361_6a0ee269e9052.jpeg
2026-06-10 15:50:14 - Uploading to ImgBB...
2026-06-10 15:50:16 - Image uploaded to: https://i.ibb.co/YTfRQT2v/c67c2c78969c.jpg
2026-06-10 15:50:16 - Calling SerpApi Google Lens...
2026-06-10 15:50:17 - SerpApi response received
2026-06-10 15:50:17 - Found 60 visual matches
2026-06-10 15:50:17 - Search terms: NAPOST PAZIA CHAMBUU PAZIA ZA 🔥🔥🔥🔥 PAZIA QUALITY SET ..., Photo by Steven (@home_curtain_) · February 4, 2026, NEW ARRIVALS 🔥NEW MATERIALS 🔥 🎀Rangi ni NYEUSI/BLACK ..., OFFER OFFER !!!!* *Pazia set new prices* M1.5 54,000 (3PC ..., Shekinah store (@shekinahstore2026) • Instagram photos and ..., Amazon.com: Taisier Home Gold Foil Print Linen Textured ..., PAZIA SETI 55000 Nzito 2 bila lesi 40000 Call/watsup ..., Reel by Abigael Athanas Mlowe (@abigail_pamba_kali_store ..., RoomMates Dimensional Grasscloth Peel and Stick ..., Black and Gold Jacquard Fabric Floral Wedding Dress Prom ..., Rustic Natural Black Gold Flecked Cork Fabric – Sallie Tomato, 3012-002 Burano - Lace Border - Gold Fabric | RJR Fabrics, Chuo cha mipango na maendeleo vijijini Dodoma(IRDP - DODOMA), Luxury Gilding Sofa Cover Universal Sofa Towel Non-Slip All ..., Wavy Metallic Brocade - Gold and Black, Stripe (Metallic Print) Wholesale Fabric in Black and Gold ..., GEE TRENDS OFFER‼️OFFER‼️OFFER‼️* MZIGO MPYA WA PAZIA ZA ..., Black Asooke with Gold Streaks Headtie – 5yardfabrics, Novelty Shantung-Weave Brocade - Yellow-Gold/Black | FABRICS ..., Carbon Fiber Light – Available in 6 Sizes for Your Projects, Black Velvet 100% Blackout Curtains, Extra Wide Gold Luxury ..., Waikiki Gold Fabric, The Gatsby – Clear Gold Glitter Acrylic Walking Stick – Neo Walk, Metallic Filiform Black and Gold Thick Lurex Fabric - OneYard, Black with Gold Fleck Cork fabric – MM Cork Supply, 3pc Marble & Velvet Curtains. 2pc's Curtains(1.5M each ..., Black Dimensional Grasscloth Peel and Stick Wallpaper ..., Three-dimensional Gilt Texture Brocade Jacquard Fabric for ..., Luxury Curtains Room European Velvet Tulle Grey Vintage ..., Shop Portugal's Bestselling Cork Fabric - Durable & Stylish, Gold Stripes on Black Wrapping Paper, 17.5 sq. ft ..., Wall Panel Waist Line Molding Trim Timber Thick Stair ..., Metallic Foil Striped Printed Woven Wool Tweed Coating ..., Mesh Fantasy Glitter Gold - YES Fabrics, DDCM-006 – Wall Molding and Water-Resistant 3D Panels Shop, Cork Fabric - Black with Metallic Gold - Sew Sweetness, HEART OF DARKNESS Easton Press | Joseph Conrad | First ..., Gold and Black Eyelash Striped Ribbon Embellished Black Home ..., Tipis Cotton Fabric | Teton Trade Cloth, China Customized PS Wall Panel For Uzbekistan Market ..., PEAK's Painted Music Stands — Peak Stands-The Best Portable ..., Clear Mirror Panel | Interior Wall Mirror Melbourne | THQ, CHIHUT Matte Black Gold Marble Contact Paper for Countertops ..., Wavy Geometric Prom 4 Way Stretch Sequins, Supoo Top Quality Tribute Brocade Fabric Polyester High-end ..., RAFTERS ECO – Element Decor, Durable Non-Slip Strips- N30 | Ecoglo Visibly Better, China Waterproof Wood-Grain Fluted WPC Wall Panels ..., Rising Stars: Meet Jeff Ragland of Mission Hills – SDVoyager ..., China Customized 160x24mm WPC Wall Panel For Interior Decor ..., Black Gold Wrapping Paper Ribbli Birthday Wrapping Paper (3 ..., Covington Dundee Antique Blue 58" Upholstery Fabric - Sailrite, 94%Polyester 6%Nylon Blended Chanel-Style Fabric 146cm Width ..., Polyester Stretch - Rito.com, PRE-CUTS, FIBERS by SICIS - Ceramic Matrix - Floridas Natural Stone ..., Phudist Ridswaeng # Lines # Abstract Art For Sale, Science + Technology Gift Wrap | Impressive Ink, Jacquard, What tools are needed to install interior ps wall panels ...
2026-06-10 15:50:18 - Found 7 products in database
2026-06-10 15:50:18 - Image found at: ../../assets/uploads/products/1780549697_6a21084173a28.jpeg
2026-06-10 15:50:18 - Image found at: ../../assets/uploads/products/1780549793_6a2108a1422fd.jpeg
2026-06-10 15:50:18 - Image found at: ../../assets/uploads/products/1780549867_6a2108eb9b7b0.jpeg
2026-06-10 15:50:18 - Image found at: ../../assets/uploads/products/1780549916_6a21091c8bfd1.jpeg
2026-06-10 15:50:18 - Image found at: ../../assets/uploads/products/1780550005_6a2109754664d.jpeg
2026-06-10 15:50:18 - Image found at: ../../assets/uploads/products/1780609524_6a21f1f4bec24.jpeg
2026-06-10 15:50:18 - Image found at: ../../assets/uploads/products/1780609600_6a21f2402c79b.jpeg
2026-06-10 15:50:18 - Returning 7 products
2026-06-10 15:53:34 - === New search request ===
2026-06-10 15:53:34 - Temp file saved: ../../temp/6a296c5e7f76c_1781099614.jpg
2026-06-10 15:53:34 - Uploading to ImgBB...
2026-06-10 15:53:36 - Image uploaded to: https://i.ibb.co/Tx5Zy5wC/6b3409123953.jpg
2026-06-10 15:53:36 - Calling SerpApi Google Lens...
2026-06-10 15:53:45 - SerpApi response received
2026-06-10 15:53:45 - Found 59 visual matches
2026-06-10 15:53:45 - Search terms: Amazon.com: Apple iPhone 13 Pro Max, 512GB, Sierra Blue - T ..., Amazon.com: Apple iPhone 13 Pro, 256GB, Sierra Blue ..., Restored Apple iPhone 13 Pro - Consumer Cellular - 128GB ..., Apple Refurbished Excellent iPhone 13 Pro A2483 (Fully ..., Earthproven | Apple iPhone 13 Pro Max
2026-06-10 15:53:57 - === New search request ===
2026-06-10 15:53:57 - Temp file saved: ../../temp/6a296c75efba7_1781099637.jpeg
2026-06-10 15:53:57 - Uploading to ImgBB...
2026-06-10 15:54:00 - Image uploaded to: https://i.ibb.co/ksmBPgWy/e325247da79a.jpg
2026-06-10 15:54:00 - Calling SerpApi Google Lens...
2026-06-10 15:54:05 - SerpApi response received
2026-06-10 15:54:05 - Found 59 visual matches
2026-06-10 15:54:05 - Search terms: Photos by Minaably❤️🦋 (@minahhomedecor) · April 29, 2026, Generic Blue Velvet Curtains Set of 3 - 15m Each, Thermal, Curtain velvet 1.5m ni 23,000 2m ni 28,000 2 velvet 1 lace ..., TUMESHUSHA MZIGO MPYA WA PAZIA SETI UTAIPATA KWA SH 45000 TU., Generic Blue Heavy Velvet Curtains - Set of 3, 15m Each
2026-06-10 15:54:25 - === New search request ===
2026-06-10 15:54:25 - Temp file saved: ../../temp/6a296c917485f_1781099665_1779360361_6a0ee269e9052.jpeg
2026-06-10 15:54:25 - Uploading to ImgBB...
2026-06-10 15:54:27 - Image uploaded to: https://i.ibb.co/YTfRQT2v/c67c2c78969c.jpg
2026-06-10 15:54:27 - Calling SerpApi Google Lens...
2026-06-10 15:54:28 - SerpApi response received
2026-06-10 15:54:28 - Found 60 visual matches
2026-06-10 15:54:28 - Search terms: NAPOST PAZIA CHAMBUU PAZIA ZA 🔥🔥🔥🔥 PAZIA QUALITY SET ..., Photo by Steven (@home_curtain_) · February 4, 2026, NEW ARRIVALS 🔥NEW MATERIALS 🔥 🎀Rangi ni NYEUSI/BLACK ..., OFFER OFFER !!!!* *Pazia set new prices* M1.5 54,000 (3PC ..., Shekinah store (@shekinahstore2026) • Instagram photos and ..., Amazon.com: Taisier Home Gold Foil Print Linen Textured ..., PAZIA SETI 55000 Nzito 2 bila lesi 40000 Call/watsup ..., Reel by Abigael Athanas Mlowe (@abigail_pamba_kali_store ..., RoomMates Dimensional Grasscloth Peel and Stick ..., Black and Gold Jacquard Fabric Floral Wedding Dress Prom ..., Rustic Natural Black Gold Flecked Cork Fabric – Sallie Tomato, 3012-002 Burano - Lace Border - Gold Fabric | RJR Fabrics, Chuo cha mipango na maendeleo vijijini Dodoma(IRDP - DODOMA), Luxury Gilding Sofa Cover Universal Sofa Towel Non-Slip All ..., Wavy Metallic Brocade - Gold and Black, Stripe (Metallic Print) Wholesale Fabric in Black and Gold ..., GEE TRENDS OFFER‼️OFFER‼️OFFER‼️* MZIGO MPYA WA PAZIA ZA ..., Black Asooke with Gold Streaks Headtie – 5yardfabrics, Novelty Shantung-Weave Brocade - Yellow-Gold/Black | FABRICS ..., Carbon Fiber Light – Available in 6 Sizes for Your Projects, Black Velvet 100% Blackout Curtains, Extra Wide Gold Luxury ..., Waikiki Gold Fabric, The Gatsby – Clear Gold Glitter Acrylic Walking Stick – Neo Walk, Metallic Filiform Black and Gold Thick Lurex Fabric - OneYard, Black with Gold Fleck Cork fabric – MM Cork Supply, 3pc Marble & Velvet Curtains. 2pc's Curtains(1.5M each ..., Black Dimensional Grasscloth Peel and Stick Wallpaper ..., Three-dimensional Gilt Texture Brocade Jacquard Fabric for ..., Luxury Curtains Room European Velvet Tulle Grey Vintage ..., Shop Portugal's Bestselling Cork Fabric - Durable & Stylish, Gold Stripes on Black Wrapping Paper, 17.5 sq. ft ..., Wall Panel Waist Line Molding Trim Timber Thick Stair ..., Metallic Foil Striped Printed Woven Wool Tweed Coating ..., Mesh Fantasy Glitter Gold - YES Fabrics, DDCM-006 – Wall Molding and Water-Resistant 3D Panels Shop, Cork Fabric - Black with Metallic Gold - Sew Sweetness, HEART OF DARKNESS Easton Press | Joseph Conrad | First ..., Gold and Black Eyelash Striped Ribbon Embellished Black Home ..., Tipis Cotton Fabric | Teton Trade Cloth, China Customized PS Wall Panel For Uzbekistan Market ..., PEAK's Painted Music Stands — Peak Stands-The Best Portable ..., Clear Mirror Panel | Interior Wall Mirror Melbourne | THQ, CHIHUT Matte Black Gold Marble Contact Paper for Countertops ..., Wavy Geometric Prom 4 Way Stretch Sequins, Supoo Top Quality Tribute Brocade Fabric Polyester High-end ..., RAFTERS ECO – Element Decor, Durable Non-Slip Strips- N30 | Ecoglo Visibly Better, China Waterproof Wood-Grain Fluted WPC Wall Panels ..., Rising Stars: Meet Jeff Ragland of Mission Hills – SDVoyager ..., China Customized 160x24mm WPC Wall Panel For Interior Decor ..., Black Gold Wrapping Paper Ribbli Birthday Wrapping Paper (3 ..., Covington Dundee Antique Blue 58" Upholstery Fabric - Sailrite, 94%Polyester 6%Nylon Blended Chanel-Style Fabric 146cm Width ..., Polyester Stretch - Rito.com, PRE-CUTS, FIBERS by SICIS - Ceramic Matrix - Floridas Natural Stone ..., Phudist Ridswaeng # Lines # Abstract Art For Sale, Science + Technology Gift Wrap | Impressive Ink, Jacquard, What tools are needed to install interior ps wall panels ...
2026-06-10 15:54:29 - Found 7 products in database
2026-06-10 15:54:29 - Image found at: ../../assets/uploads/products/1780549697_6a21084173a28.jpeg
2026-06-10 15:54:29 - Image found at: ../../assets/uploads/products/1780549793_6a2108a1422fd.jpeg
2026-06-10 15:54:29 - Image found at: ../../assets/uploads/products/1780549867_6a2108eb9b7b0.jpeg
2026-06-10 15:54:29 - Image found at: ../../assets/uploads/products/1780549916_6a21091c8bfd1.jpeg
2026-06-10 15:54:29 - Image found at: ../../assets/uploads/products/1780550005_6a2109754664d.jpeg
2026-06-10 15:54:29 - Image found at: ../../assets/uploads/products/1780609524_6a21f1f4bec24.jpeg
2026-06-10 15:54:29 - Image found at: ../../assets/uploads/products/1780609600_6a21f2402c79b.jpeg
2026-06-10 15:54:29 - Returning 7 products
2026-06-10 16:01:18 - === New search request ===
2026-06-10 16:01:18 - Temp file saved: ../../temp/6a296e2e7c5f8_1781100078_1779360361_6a0ee269e9052.jpeg
2026-06-10 16:01:18 - Uploading to ImgBB...
2026-06-10 16:01:20 - Image uploaded to: https://i.ibb.co/YTfRQT2v/c67c2c78969c.jpg
2026-06-10 16:01:20 - Calling SerpApi Google Lens...
2026-06-10 16:01:28 - SerpApi response received
2026-06-10 16:01:28 - Found 60 visual matches
2026-06-10 16:01:28 - Search terms: NAPOST PAZIA CHAMBUU PAZIA ZA 🔥🔥🔥🔥 PAZIA QUALITY SET ..., Photo by Steven (@home_curtain_) · February 4, 2026, NEW ARRIVALS 🔥NEW MATERIALS 🔥 🎀Rangi ni NYEUSI/BLACK ..., Reel by Abigael Athanas Mlowe (@abigail_pamba_kali_store ..., Amazon.com: Taisier Home Gold Foil Print Linen Textured ..., Chuo cha mipango na maendeleo vijijini Dodoma(IRDP - DODOMA), Black Asooke with Gold Streaks Headtie – 5yardfabrics, 94%Polyester 6%Nylon Blended Chanel-Style Fabric 146cm Width ..., Novelty Shantung-Weave Brocade - Yellow-Gold/Black | FABRICS ..., GEE TRENDS OFFER‼️OFFER‼️OFFER‼️* MZIGO MPYA WA PAZIA ZA ..., Gray Gold Striped Silk Tie | eBay, Metallic Italian Silk Chiffon Fil Coupé - Black / Gold / Silver, OFFER OFFER !!!!* *Pazia set new prices* M1.5 54,000 (3PC ..., Metallic Filiform Black and Gold Thick Lurex Fabric - OneYard, Black and Gold Jacquard Fabric Floral Wedding Dress Prom ..., METALLIC BRASS BRONZE DISTRESSED VINTAGE Goat leather 2 ..., Discover Unique Fabric Designs at Our Pretoria Shop | TikTok, Rustic Natural Black Gold Flecked Cork Fabric – Sallie Tomato, Waikiki Gold Fabric, Stripe (Metallic Print) Wholesale Fabric in Black and Gold ..., Metallic Foil Striped Printed Woven Wool Tweed Coating ..., Hollywood Stripe Moss Green Valdese Chenille Upholstery ..., China Customized 160x24mm WPC Wall Panel For Interior Decor ..., Supoo Top Quality Tribute Brocade Fabric Polyester High-end ..., Gold Stripes on Black Wrapping Paper, 17.5 sq. ft ..., 3012-002 Burano - Lace Border - Gold Fabric | RJR Fabrics, METALLIC 5005 GOLD COIN — SMSTITCHES, Metallic Italian Novelty Tweed - Black / Gold / Silver, Vinyl Vibrations in Starry Night | Phillip Jeffries, Black with Gold Fleck Cork fabric – MM Cork Supply, China Waterproof Wood-Grain Fluted WPC Wall Panels ..., High Quality Two Curtains With One Less 1.5 Metres Long Long ..., Wall Panel Waist Line Molding Trim Timber Thick Stair ..., China Customized PS Wall Panel For Uzbekistan Market ..., green print girls sleeveless dress casual loose - Temu Mauritius, جازار مشخط - كسوة قماش للأقمشة النسائية, Viserati, Gold and Black Eyelash Striped Ribbon Embellished Black Home ..., Жаккард хлопковый костюмный Черный с люрексом TRC H34/2 L30 ..., SouthSeas Faux Woven Roller Shades | American Blinds, DDCM-006 – Wall Molding and Water-Resistant 3D Panels Shop, Clear Mirror Panel | Interior Wall Mirror Melbourne | THQ, Amazon.com: MIULEE Luxury Velvet Curtains 96 Inches Long ..., 3 pc Velvet Curtains(Thunder Effect)* ▪️ 2 Curtains 1.5 m ..., SAUDI UNITY — S E B A S T I E N C O U R T Y, Wavy Geometric Prom 4 Way Stretch Sequins, Cork Fabric - Black with Metallic Gold - Sew Sweetness, Rising Stars: Meet Jeff Ragland of Mission Hills – SDVoyager ..., China Ps Wall Panel Manufacturers Suppliers Factory - Cheap ..., Luxury Gilding Sofa Cover Universal Sofa Towel Non-Slip All ..., Shop Portugal's Bestselling Cork Fabric - Durable & Stylish, HEART OF DARKNESS Easton Press | Joseph Conrad | First ..., PEAK's Painted Music Stands — Peak Stands-The Best Portable ..., Jacquard, JERSEY, LUREX, TRANSPARENT, VULCAN&GILDED BEIGE | F000048620, Luxury Machine Washable Black Abstract Gold Gilded ..., 100cms x 100cms– NICK PURSER ORIGINALS, Tie-Tami Wallcovering - MOOOI by Arte, Wpc Louvers Panels & Wpc Wall Cladding Trader - Retailer ...
2026-06-10 16:01:29 - Found 7 products in database
2026-06-10 16:01:29 - Image found at: ../../assets/uploads/products/1780549697_6a21084173a28.jpeg
2026-06-10 16:01:29 - Image found at: ../../assets/uploads/products/1780549793_6a2108a1422fd.jpeg
2026-06-10 16:01:29 - Image found at: ../../assets/uploads/products/1780549867_6a2108eb9b7b0.jpeg
2026-06-10 16:01:29 - Image found at: ../../assets/uploads/products/1780549916_6a21091c8bfd1.jpeg
2026-06-10 16:01:29 - Image found at: ../../assets/uploads/products/1780550005_6a2109754664d.jpeg
2026-06-10 16:01:29 - Image found at: ../../assets/uploads/products/1780609524_6a21f1f4bec24.jpeg
2026-06-10 16:01:29 - Image found at: ../../assets/uploads/products/1780609600_6a21f2402c79b.jpeg
2026-06-10 16:01:29 - Returning 7 products
2026-06-10 16:03:20 - === New search request ===
2026-06-10 16:03:20 - Temp file saved: ../../temp/6a296ea8beea4_1781100200_1779360289_6a0ee22163fc4.jpeg
2026-06-10 16:03:20 - Uploading to ImgBB...
2026-06-10 16:03:22 - Image uploaded to: https://i.ibb.co/ksmBPgWy/e325247da79a.jpg
2026-06-10 16:03:22 - Calling SerpApi Google Lens...
2026-06-10 16:03:23 - SerpApi response received
2026-06-10 16:03:23 - Found 59 visual matches
2026-06-10 16:03:23 - Search terms: Photos by Minaably❤️🦋 (@minahhomedecor) · April 29, 2026, Generic Blue Velvet Curtains Set of 3 - 15m Each, Thermal, Curtain velvet 1.5m ni 23,000 2m ni 28,000 2 velvet 1 lace ..., TUMESHUSHA MZIGO MPYA WA PAZIA SETI UTAIPATA KWA SH 45000 TU., Generic Blue Heavy Velvet Curtains - Set of 3, 15m Each, Gold Velvet Window Curtains Set for sale - PHENOM CITY HOME ..., Mapazia 😊 Bei sawa na bure ushindwe wewe tu Bei..ni Pazia 1 ..., Pazia set yaani Nzito 2 na less 1 Bei ni 38,000/= Pazia kwa ..., WISPET Navy Blue Sequin Backdrop Curtains 2 Panels 4FTx8FT ..., Chelston Avondale Chainda houses for rents and sale ..., TOUCH OF CLASS CAMELOT BLUE NAVY DAMASK WITH JACQUARD (2 ..., Amazon.com : Poise3EHome 4Pcs 2Ft x 8Ft Blue Sequin Backdrop ..., Chenille Blue Damask Curtains, Victorian Antique Gold ..., 3pc Marble & Velvet Curtains. 2pc's Curtains(1.5M each ..., Velvet 10ft H x 52" W Drape/Backdrop Curtain Panel - Royal ..., Amazon.com: AK TRADING CO. 10 feet x 10 feet Lush Velvet ..., farbateks Lacivert Gold Varak Parlak Bağcıklı Opart Kumaş ..., Photos by Elisa Cosmetics (@elisacosmetics02) · June 28, 2024, Navy Blue Gold Damask Blackout Window Curtain, Chinoiserie ..., Metallic Foil Printed Damask Pattern Blackout Curtains ..., Blue Velvet Curtains Celestial - Etsy, BalsaCircle 8 feet x 8 feet Royal Blue Velvet Backdrop ..., 3pc Marble Velvet Curtains @Ksh 2,900 wholesale price Kenya ..., hot pink sequin curtains 4 panels measuring 2ftx8ft perfect ..., Marcelo Metallic Velvet Damask Room Darkening Grommet Window ..., 5ft x 14ft Velvet Backdrop for Photo Booth Navy Blue | TCFLinen, NAOMBA REPOST YAKO Pazia za velvet nzito Mita 1.5 Bei ..., Velvet 16ft H x 52" W Drape/Backdrop Curtain Panel - Navy ..., We have ready made curtains in our shop.ready to hang ..., 775196771 ⍟ #rideaux_3_pieces | TikTok, Antique Velvet Curtains, Blue Velvet Curtains Images – Browse 82,385 Stock Photos ..., Buy Indigo blue block print window curtains - Blue Flowers ..., Sapphire Shimmer Royal Blue Metallic Glittering Curtains, 20 feet x 10 feet Metallic Spandex Backdrop Curtain, Amazon.com: Deeprove Blue Sheer Curtains 63 Inch Length 2 ..., Royal Blue Velvet Curtains for Living Room & Bedroom ..., golden sequin photography backdrop curtains 1pc 8ftx8ft - Temu, Generic Blue Heavy Velvet Curtains - 2pcs 15m Each, Blue Mariposa Upholstered Custom Printed Linen Privacy ..., Sheer Curtains With Gold Accents: Baroque... From Doujiangne ..., Navy Blue Striped Curtains: Bronzed Black Gold Patterned ..., Luxury Royal Blue Velvet Blackout Curtains | 2 Panels – Joydeco, Dark Blue and Gold Curtains, NAOMBA REPOST YAKO Pazia nzito zenye kuleta muonekano mzuri ..., Cordelia Navy Floral and Leaf Curtain Panel, Betheny Jacquard Curtain with Attached Valance – Glory Home ..., خرید و قیمت پرده مخمل کالیفرنیا طلاکوب (متری 550000تومان) از ..., Best price for Classic Heavy Velvet Curtains -3pcs, 1.5m ..., Stallion Decor Pvt Ltd in Lajpat Nagar 2,Delhi - Best Window ..., 1pc Royal Blue Color Curtains for Living Room Velvet ..., Blue Velvet Drapes | Blackout Curtains & Panels in Navy ..., Sparkle Life Gold Glitter Blue Velvet Blackout Curtain Drapes, Five Queens Court Woodstock Indigo 2-pack Window Curtain Set ..., Sequin Velvet 10ft H x 52" W Drape/Backdrop Curtain Panel ..., BalsaCircle Gold 20 feet x 10 feet Metallic Spandex Backdrop ..., Made to Measure Navy & Gold Chenille Curtains (Reversible ..., Curtain, Shop Generic 2 In 1 Curtains – Blackout & Sheer Window
2026-06-10 16:03:24 - Found 7 products in database
2026-06-10 16:03:24 - Image found at: ../../assets/uploads/products/1780549697_6a21084173a28.jpeg
2026-06-10 16:03:24 - Image found at: ../../assets/uploads/products/1780549793_6a2108a1422fd.jpeg
2026-06-10 16:03:24 - Image found at: ../../assets/uploads/products/1780549867_6a2108eb9b7b0.jpeg
2026-06-10 16:03:24 - Image found at: ../../assets/uploads/products/1780549916_6a21091c8bfd1.jpeg
2026-06-10 16:03:24 - Image found at: ../../assets/uploads/products/1780550005_6a2109754664d.jpeg
2026-06-10 16:03:24 - Image found at: ../../assets/uploads/products/1780609524_6a21f1f4bec24.jpeg
2026-06-10 16:03:24 - Image found at: ../../assets/uploads/products/1780609600_6a21f2402c79b.jpeg
2026-06-10 16:03:24 - Returning 7 products
2026-06-10 16:04:04 - === New search request ===
2026-06-10 16:04:04 - Temp file saved: ../../temp/6a296ed41124f_1781100244_1779360361_6a0ee269e9052.jpeg
2026-06-10 16:04:04 - Uploading to ImgBB...
2026-06-10 16:04:07 - Image uploaded to: https://i.ibb.co/YTfRQT2v/c67c2c78969c.jpg
2026-06-10 16:04:07 - Calling SerpApi Google Lens...
2026-06-10 16:04:08 - SerpApi response received
2026-06-10 16:04:08 - Found 60 visual matches
2026-06-10 16:04:08 - Search terms: NAPOST PAZIA CHAMBUU PAZIA ZA 🔥🔥🔥🔥 PAZIA QUALITY SET ..., Photo by Steven (@home_curtain_) · February 4, 2026, NEW ARRIVALS 🔥NEW MATERIALS 🔥 🎀Rangi ni NYEUSI/BLACK ..., Reel by Abigael Athanas Mlowe (@abigail_pamba_kali_store ..., Amazon.com: Taisier Home Gold Foil Print Linen Textured ..., Chuo cha mipango na maendeleo vijijini Dodoma(IRDP - DODOMA), Black Asooke with Gold Streaks Headtie – 5yardfabrics, 94%Polyester 6%Nylon Blended Chanel-Style Fabric 146cm Width ..., Novelty Shantung-Weave Brocade - Yellow-Gold/Black | FABRICS ..., GEE TRENDS OFFER‼️OFFER‼️OFFER‼️* MZIGO MPYA WA PAZIA ZA ..., Gray Gold Striped Silk Tie | eBay, Metallic Italian Silk Chiffon Fil Coupé - Black / Gold / Silver, OFFER OFFER !!!!* *Pazia set new prices* M1.5 54,000 (3PC ..., Metallic Filiform Black and Gold Thick Lurex Fabric - OneYard, Black and Gold Jacquard Fabric Floral Wedding Dress Prom ..., METALLIC BRASS BRONZE DISTRESSED VINTAGE Goat leather 2 ..., Discover Unique Fabric Designs at Our Pretoria Shop | TikTok, Rustic Natural Black Gold Flecked Cork Fabric – Sallie Tomato, Waikiki Gold Fabric, Stripe (Metallic Print) Wholesale Fabric in Black and Gold ..., Metallic Foil Striped Printed Woven Wool Tweed Coating ..., Hollywood Stripe Moss Green Valdese Chenille Upholstery ..., China Customized 160x24mm WPC Wall Panel For Interior Decor ..., Supoo Top Quality Tribute Brocade Fabric Polyester High-end ..., Gold Stripes on Black Wrapping Paper, 17.5 sq. ft ..., 3012-002 Burano - Lace Border - Gold Fabric | RJR Fabrics, METALLIC 5005 GOLD COIN — SMSTITCHES, Metallic Italian Novelty Tweed - Black / Gold / Silver, Vinyl Vibrations in Starry Night | Phillip Jeffries, Black with Gold Fleck Cork fabric – MM Cork Supply, China Waterproof Wood-Grain Fluted WPC Wall Panels ..., High Quality Two Curtains With One Less 1.5 Metres Long Long ..., Wall Panel Waist Line Molding Trim Timber Thick Stair ..., China Customized PS Wall Panel For Uzbekistan Market ..., green print girls sleeveless dress casual loose - Temu Mauritius, جازار مشخط - كسوة قماش للأقمشة النسائية, Viserati, Gold and Black Eyelash Striped Ribbon Embellished Black Home ..., Жаккард хлопковый костюмный Черный с люрексом TRC H34/2 L30 ..., SouthSeas Faux Woven Roller Shades | American Blinds, DDCM-006 – Wall Molding and Water-Resistant 3D Panels Shop, Clear Mirror Panel | Interior Wall Mirror Melbourne | THQ, Amazon.com: MIULEE Luxury Velvet Curtains 96 Inches Long ..., 3 pc Velvet Curtains(Thunder Effect)* ▪️ 2 Curtains 1.5 m ..., SAUDI UNITY — S E B A S T I E N C O U R T Y, Wavy Geometric Prom 4 Way Stretch Sequins, Cork Fabric - Black with Metallic Gold - Sew Sweetness, Rising Stars: Meet Jeff Ragland of Mission Hills – SDVoyager ..., China Ps Wall Panel Manufacturers Suppliers Factory - Cheap ..., Luxury Gilding Sofa Cover Universal Sofa Towel Non-Slip All ..., Shop Portugal's Bestselling Cork Fabric - Durable & Stylish, HEART OF DARKNESS Easton Press | Joseph Conrad | First ..., PEAK's Painted Music Stands — Peak Stands-The Best Portable ..., Jacquard, JERSEY, LUREX, TRANSPARENT, VULCAN&GILDED BEIGE | F000048620, Luxury Machine Washable Black Abstract Gold Gilded ..., 100cms x 100cms– NICK PURSER ORIGINALS, Tie-Tami Wallcovering - MOOOI by Arte, Wpc Louvers Panels & Wpc Wall Cladding Trader - Retailer ...
2026-06-10 16:04:08 - Found 7 products in database
2026-06-10 16:04:08 - Image found at: ../../assets/uploads/products/1780549697_6a21084173a28.jpeg
2026-06-10 16:04:08 - Image found at: ../../assets/uploads/products/1780549793_6a2108a1422fd.jpeg
2026-06-10 16:04:08 - Image found at: ../../assets/uploads/products/1780549867_6a2108eb9b7b0.jpeg
2026-06-10 16:04:08 - Image found at: ../../assets/uploads/products/1780549916_6a21091c8bfd1.jpeg
2026-06-10 16:04:08 - Image found at: ../../assets/uploads/products/1780550005_6a2109754664d.jpeg
2026-06-10 16:04:08 - Image found at: ../../assets/uploads/products/1780609524_6a21f1f4bec24.jpeg
2026-06-10 16:04:08 - Image found at: ../../assets/uploads/products/1780609600_6a21f2402c79b.jpeg
2026-06-10 16:04:08 - Returning 7 products
2026-06-10 18:36:40 - === New search request ===
2026-06-10 18:36:40 - Temp file saved: ../../temp/6a29929861e7c_1781109400_1779360361_6a0ee269e9052.jpeg
2026-06-10 18:36:40 - Uploading to ImgBB...
2026-06-10 18:36:45 - Image uploaded to: https://i.ibb.co/YTfRQT2v/c67c2c78969c.jpg
2026-06-10 18:36:45 - Calling SerpApi Google Lens...
2026-06-10 18:36:49 - SerpApi response received
2026-06-10 18:36:49 - Found 60 visual matches
2026-06-10 18:36:49 - Search terms: NAPOST PAZIA CHAMBUU PAZIA ZA 🔥🔥🔥🔥 PAZIA QUALITY SET ..., Photo by Steven (@home_curtain_) · February 4, 2026, NEW ARRIVALS 🔥NEW MATERIALS 🔥 🎀Rangi ni NYEUSI/BLACK ..., OFFER OFFER !!!!* *Pazia set new prices* M1.5 54,000 (3PC ..., Amazon.com: MIULEE Luxury Velvet Curtains 96 Inches Long ..., METALLIC BRASS BRONZE DISTRESSED VINTAGE Goat leather 2 ..., Black Asooke with Gold Streaks Headtie – 5yardfabrics, Reel by Abigael Athanas Mlowe (@abigail_pamba_kali_store ..., Metallic Foil Striped Printed Woven Wool Tweed Coating ..., Rustic Natural Black Gold Flecked Cork Fabric – Sallie Tomato, Chuo cha mipango na maendeleo vijijini Dodoma(IRDP - DODOMA), Black and Gold Jacquard Fabric Floral Wedding Dress Prom ..., METALLIC GOLD BRASS REPTILE PRINT On Goat Leather 2 skins 9+ ..., Amazon.com: Taisier Home Gold Foil Print Linen Textured ..., Clear Mirror Panel | Interior Wall Mirror Melbourne | THQ, Wall Panel Waist Line Molding Trim Timber Thick Stair ..., Grey Louvers Panel - Stylish & Durable Polystyrene Cladding, Army PermaGold Lace (Dark) - Shop ELC, Stripe (Metallic Print) Wholesale Fabric in Black and Gold ..., Waikiki Gold Fabric, High Quality Two Curtains With One Less 1.5 Metres Long Long ..., China Customized PS Wall Panel For Uzbekistan Market ..., Discover Unique Fabric Designs at Our Pretoria Shop | TikTok, HEART OF DARKNESS Easton Press | Joseph Conrad | First ..., Brown Polystyrene Rustic Golden Finish Photo Frame ..., Metallic Italian Novelty Tweed - Black / Gold / Silver, DDCM-006 – Wall Molding and Water-Resistant 3D Panels Shop, Metallic Filiform Black and Gold Thick Lurex Fabric - OneYard, Gold Stripes on Black Wrapping Paper, 17.5 sq. ft ..., Hollywood Stripe Moss Green Valdese Chenille Upholstery ..., 3012-002 Burano - Lace Border - Gold Fabric | RJR Fabrics, Gold and Black Eyelash Striped Ribbon Embellished Black Home ..., Rising Stars: Meet Jeff Ragland of Mission Hills – SDVoyager ..., Black with Gold Fleck Cork fabric – MM Cork Supply, IRuiYinGo, Wrapping Paper, 20"x28", Black Gold Foil Birthday ..., METALLIC 5005 GOLD COIN — SMSTITCHES, Metallic Italian Silk Chiffon Fil Coupé - Black / Gold / Silver, Vinyl Vibrations in Starry Night | Phillip Jeffries, Covington Dundee Antique Blue 58" Upholstery Fabric - Sailrite, Supoo Top Quality Tribute Brocade Fabric Polyester High-end ..., TIMELESS LOOPS – www.DeqiCarpets.com, Kraus Carpet Tile Impulse Collection 780103 Northwood Trail ..., The Gatsby – Clear Gold Glitter Acrylic Walking Stick – Neo Walk, Black Gold Wrapping Paper Ribbli Birthday Wrapping Paper (3 ..., Framing | Fine Art, Multi Color Wave Panel PVC Louver Wall Decor 160*12mm ..., Luxury Machine Washable Black Abstract Gold Gilded ..., HUJI Pine Wood Plaque Wall Decor Set - Bed Bath & Beyond ..., Carabelle Obsidian Chenille Upholstery Fabric – Robert Allen ..., China Customized Ellipse Flat Lashes Suppliers ..., China Customized 160x24mm WPC Wall Panel For Interior Decor ..., Wpc Louvers Panels & Wpc Wall Cladding Trader - Retailer ..., Wavy Geometric Prom 4 Way Stretch Sequins, Durable Non-Slip Strips- N30 | Ecoglo Visibly Better, China Waterproof Wood-Grain Fluted WPC Wall Panels ..., Luxury Gilding Sofa Cover Universal Sofa Towel Non-Slip All ..., Products, Charcoal/Polystyrene Charcoal Panel, Length: 2900 mm (9.5 Ft ..., Recessed doormat for indoor custom size - Black anodized ...
2026-06-10 18:36:50 - Found 7 products in database
2026-06-10 18:36:50 - Image found at: ../../assets/uploads/products/1780549697_6a21084173a28.jpeg
2026-06-10 18:36:50 - Image found at: ../../assets/uploads/products/1780549793_6a2108a1422fd.jpeg
2026-06-10 18:36:50 - Image found at: ../../assets/uploads/products/1780549867_6a2108eb9b7b0.jpeg
2026-06-10 18:36:50 - Image found at: ../../assets/uploads/products/1780549916_6a21091c8bfd1.jpeg
2026-06-10 18:36:50 - Image found at: ../../assets/uploads/products/1780550005_6a2109754664d.jpeg
2026-06-10 18:36:50 - Image found at: ../../assets/uploads/products/1780609524_6a21f1f4bec24.jpeg
2026-06-10 18:36:50 - Image found at: ../../assets/uploads/products/1780609600_6a21f2402c79b.jpeg
2026-06-10 18:36:50 - Returning 7 products
2026-06-10 18:44:58 - === New search request ===
2026-06-10 18:44:58 - Temp file saved: ../../temp/6a29948ada1c3_1781109898_1779360289_6a0ee22163fc4.jpeg
2026-06-10 18:44:58 - Uploading to ImgBB...
2026-06-10 18:45:01 - Image uploaded to: https://i.ibb.co/ksmBPgWy/e325247da79a.jpg
2026-06-10 18:45:01 - Calling SerpApi Google Lens...
2026-06-10 18:45:10 - SerpApi response received
2026-06-10 18:45:10 - Found 59 visual matches
2026-06-10 18:45:10 - Search terms: Photos by Minaably❤️🦋 (@minahhomedecor) · April 29, 2026, Generic Blue Velvet Curtains Set of 3 - 15m Each, Thermal, Curtain velvet 1.5m ni 23,000 2m ni 28,000 2 velvet 1 lace ..., TUMESHUSHA MZIGO MPYA WA PAZIA SETI UTAIPATA KWA SH 45000 TU., Generic Blue Heavy Velvet Curtains - Set of 3, 15m Each, Gold Velvet Window Curtains Set for sale - PHENOM CITY HOME ..., Mapazia 😊 Bei sawa na bure ushindwe wewe tu Bei..ni Pazia 1 ..., Pazia set yaani Nzito 2 na less 1 Bei ni 38,000/= Pazia kwa ..., WISPET Navy Blue Sequin Backdrop Curtains 2 Panels 4FTx8FT ..., Chelston Avondale Chainda houses for rents and sale ..., Amazon.com : Poise3EHome 4Pcs 2Ft x 8Ft Blue Sequin Backdrop ..., Curtains Set (Pazia Set , Pazia Nzito 2 Na Less 1) for sale ..., TOUCH OF CLASS CAMELOT BLUE NAVY DAMASK WITH JACQUARD (2 ..., Chenille Blue Damask Curtains, Victorian Antique Gold ..., 3pc Marble & Velvet Curtains. 2pc's Curtains(1.5M each ..., Velvet 10ft H x 52" W Drape/Backdrop Curtain Panel - Royal ..., Amazon.com: AK TRADING CO. 10 feet x 10 feet Lush Velvet ..., farbateks Lacivert Gold Varak Parlak Bağcıklı Opart Kumaş ..., Navy Blue Gold Damask Blackout Window Curtain, Chinoiserie ..., Metallic Foil Printed Damask Pattern Blackout Curtains ..., BalsaCircle 8 feet x 8 feet Royal Blue Velvet Backdrop ..., Blue Velvet Curtains Celestial - Etsy, 3pc Marble Velvet Curtains @Ksh 2,900 wholesale price Kenya ..., hot pink sequin curtains 4 panels measuring 2ftx8ft perfect ..., Marcelo Metallic Velvet Damask Room Darkening Grommet Window ..., 5ft x 14ft Velvet Backdrop for Photo Booth Navy Blue | TCFLinen, Velvet 16ft H x 52" W Drape/Backdrop Curtain Panel - Navy ..., We have ready made curtains in our shop.ready to hang ..., Sapphire Shimmer Royal Blue Metallic Glittering Curtains, Blue Velvet Curtains Images – Browse 82,385 Stock Photos ..., NAOMBA REPOST YAKO Pazia za velvet nzito Mita 1.5 Bei ..., Buy Indigo blue block print window curtains - Blue Flowers ..., 20 feet x 10 feet Metallic Spandex Backdrop Curtain, Antique Velvet Curtains, Sheer Curtains With Gold Accents: Baroque... From Doujiangne ..., 775196771 ⍟ #rideaux_3_pieces | TikTok, golden sequin photography backdrop curtains 1pc 8ftx8ft - Temu, Amazon.com: Deeprove Blue Sheer Curtains 63 Inch Length 2 ..., Blue Mariposa Upholstered Custom Printed Linen Privacy ..., Generic Blue Heavy Velvet Curtains - 2pcs 15m Each, Cordelia Navy Floral and Leaf Curtain Panel, Dark Blue and Gold Curtains, Navy Blue Striped Curtains: Bronzed Black Gold Patterned ..., Betheny Jacquard Curtain with Attached Valance – Glory Home ..., NAOMBA REPOST YAKO Pazia nzito zenye kuleta muonekano mzuri ..., خرید و قیمت پرده مخمل کالیفرنیا طلاکوب (متری 550000تومان) از ..., Stallion Decor Pvt Ltd in Lajpat Nagar 2,Delhi - Best Window ..., Luxury Velvet Drapes | Custom, Blackout, Pleated – Joydeco, Best price for Classic Heavy Velvet Curtains -3pcs, 1.5m ..., Sparkle Life Gold Glitter Blue Velvet Blackout Curtain Drapes, Five Queens Court Woodstock Indigo 2-pack Window Curtain Set ..., Sequin Velvet 10ft H x 52" W Drape/Backdrop Curtain Panel ..., BalsaCircle Gold 20 feet x 10 feet Metallic Spandex Backdrop ..., Made to Measure Navy & Gold Chenille Curtains (Reversible ..., Curtain, Premium Jacquard Curtains Gold Leaf Pattern Double Sided ..., Shop Generic 2 In 1 Curtains – Blackout & Sheer Window, AMORE, Abstract Metallic Marbled Velvet Curtain Pair - Heavyweight ...
2026-06-10 18:45:13 - Found 7 products in database
2026-06-10 18:45:13 - Image found at: ../../assets/uploads/products/1780549697_6a21084173a28.jpeg
2026-06-10 18:45:13 - Image found at: ../../assets/uploads/products/1780549793_6a2108a1422fd.jpeg
2026-06-10 18:45:13 - Image found at: ../../assets/uploads/products/1780549867_6a2108eb9b7b0.jpeg
2026-06-10 18:45:13 - Image found at: ../../assets/uploads/products/1780549916_6a21091c8bfd1.jpeg
2026-06-10 18:45:13 - Image found at: ../../assets/uploads/products/1780550005_6a2109754664d.jpeg
2026-06-10 18:45:13 - Image found at: ../../assets/uploads/products/1780609524_6a21f1f4bec24.jpeg
2026-06-10 18:45:13 - Image found at: ../../assets/uploads/products/1780609600_6a21f2402c79b.jpeg
2026-06-10 18:45:13 - Returning 7 products
2026-06-10 18:47:42 - === New search request ===
2026-06-10 18:47:42 - Temp file saved: ../../temp/6a29952e6b2f3_1781110062_1780227311_6a1c1cefd25af.jpeg
2026-06-10 18:47:42 - Uploading to ImgBB...
2026-06-10 18:47:44 - Image uploaded to: https://i.ibb.co/ksmBPgWy/e325247da79a.jpg
2026-06-10 18:47:44 - Calling SerpApi Google Lens...
2026-06-10 18:47:45 - SerpApi response received
2026-06-10 18:47:45 - Found 59 visual matches
2026-06-10 18:47:45 - Search terms: Photos by Minaably❤️🦋 (@minahhomedecor) · April 29, 2026, Generic Blue Velvet Curtains Set of 3 - 15m Each, Thermal, Curtain velvet 1.5m ni 23,000 2m ni 28,000 2 velvet 1 lace ..., TUMESHUSHA MZIGO MPYA WA PAZIA SETI UTAIPATA KWA SH 45000 TU., Generic Blue Heavy Velvet Curtains - Set of 3, 15m Each, Gold Velvet Window Curtains Set for sale - PHENOM CITY HOME ..., Mapazia 😊 Bei sawa na bure ushindwe wewe tu Bei..ni Pazia 1 ..., Pazia set yaani Nzito 2 na less 1 Bei ni 38,000/= Pazia kwa ..., WISPET Navy Blue Sequin Backdrop Curtains 2 Panels 4FTx8FT ..., Chelston Avondale Chainda houses for rents and sale ..., Amazon.com : Poise3EHome 4Pcs 2Ft x 8Ft Blue Sequin Backdrop ..., Curtains Set (Pazia Set , Pazia Nzito 2 Na Less 1) for sale ..., TOUCH OF CLASS CAMELOT BLUE NAVY DAMASK WITH JACQUARD (2 ..., Chenille Blue Damask Curtains, Victorian Antique Gold ..., 3pc Marble & Velvet Curtains. 2pc's Curtains(1.5M each ..., Velvet 10ft H x 52" W Drape/Backdrop Curtain Panel - Royal ..., Amazon.com: AK TRADING CO. 10 feet x 10 feet Lush Velvet ..., farbateks Lacivert Gold Varak Parlak Bağcıklı Opart Kumaş ..., Navy Blue Gold Damask Blackout Window Curtain, Chinoiserie ..., Metallic Foil Printed Damask Pattern Blackout Curtains ..., BalsaCircle 8 feet x 8 feet Royal Blue Velvet Backdrop ..., Blue Velvet Curtains Celestial - Etsy, 3pc Marble Velvet Curtains @Ksh 2,900 wholesale price Kenya ..., hot pink sequin curtains 4 panels measuring 2ftx8ft perfect ..., Marcelo Metallic Velvet Damask Room Darkening Grommet Window ..., 5ft x 14ft Velvet Backdrop for Photo Booth Navy Blue | TCFLinen, Velvet 16ft H x 52" W Drape/Backdrop Curtain Panel - Navy ..., We have ready made curtains in our shop.ready to hang ..., Sapphire Shimmer Royal Blue Metallic Glittering Curtains, Blue Velvet Curtains Images – Browse 82,385 Stock Photos ..., NAOMBA REPOST YAKO Pazia za velvet nzito Mita 1.5 Bei ..., Buy Indigo blue block print window curtains - Blue Flowers ..., 20 feet x 10 feet Metallic Spandex Backdrop Curtain, Antique Velvet Curtains, Sheer Curtains With Gold Accents: Baroque... From Doujiangne ..., 775196771 ⍟ #rideaux_3_pieces | TikTok, golden sequin photography backdrop curtains 1pc 8ftx8ft - Temu, Amazon.com: Deeprove Blue Sheer Curtains 63 Inch Length 2 ..., Blue Mariposa Upholstered Custom Printed Linen Privacy ..., Generic Blue Heavy Velvet Curtains - 2pcs 15m Each, Cordelia Navy Floral and Leaf Curtain Panel, Dark Blue and Gold Curtains, Navy Blue Striped Curtains: Bronzed Black Gold Patterned ..., Betheny Jacquard Curtain with Attached Valance – Glory Home ..., NAOMBA REPOST YAKO Pazia nzito zenye kuleta muonekano mzuri ..., خرید و قیمت پرده مخمل کالیفرنیا طلاکوب (متری 550000تومان) از ..., Stallion Decor Pvt Ltd in Lajpat Nagar 2,Delhi - Best Window ..., Luxury Velvet Drapes | Custom, Blackout, Pleated – Joydeco, Best price for Classic Heavy Velvet Curtains -3pcs, 1.5m ..., Sparkle Life Gold Glitter Blue Velvet Blackout Curtain Drapes, Five Queens Court Woodstock Indigo 2-pack Window Curtain Set ..., Sequin Velvet 10ft H x 52" W Drape/Backdrop Curtain Panel ..., BalsaCircle Gold 20 feet x 10 feet Metallic Spandex Backdrop ..., Made to Measure Navy & Gold Chenille Curtains (Reversible ..., Curtain, Premium Jacquard Curtains Gold Leaf Pattern Double Sided ..., Shop Generic 2 In 1 Curtains – Blackout & Sheer Window, AMORE, Abstract Metallic Marbled Velvet Curtain Pair - Heavyweight ...
2026-06-10 18:47:46 - Found 7 products in database
2026-06-10 18:47:46 - Image found at: ../../assets/uploads/products/1780549697_6a21084173a28.jpeg
2026-06-10 18:47:46 - Image found at: ../../assets/uploads/products/1780549793_6a2108a1422fd.jpeg
2026-06-10 18:47:46 - Image found at: ../../assets/uploads/products/1780549867_6a2108eb9b7b0.jpeg
2026-06-10 18:47:46 - Image found at: ../../assets/uploads/products/1780549916_6a21091c8bfd1.jpeg
2026-06-10 18:47:46 - Image found at: ../../assets/uploads/products/1780550005_6a2109754664d.jpeg
2026-06-10 18:47:46 - Image found at: ../../assets/uploads/products/1780609524_6a21f1f4bec24.jpeg
2026-06-10 18:47:46 - Image found at: ../../assets/uploads/products/1780609600_6a21f2402c79b.jpeg
2026-06-10 18:47:46 - Returning 7 products
2026-06-10 18:48:02 - === New search request ===
2026-06-10 18:48:02 - Temp file saved: ../../temp/6a29954221801_1781110082_1780415538_6a1efc3271066.webp
2026-06-10 18:48:02 - Uploading to ImgBB...
2026-06-10 18:48:03 - Image uploaded to: https://i.ibb.co/qFY4s2bK/6afc38b8e3de.webp
2026-06-10 18:48:03 - Calling SerpApi Google Lens...
2026-06-10 18:48:08 - SerpApi response received
2026-06-10 18:48:08 - Found 59 visual matches
2026-06-10 18:48:08 - Search terms: Samsung Galaxy s10 - 128 GB - SM-G973U - Prism Blue - (AT&T ..., SAMSUNG Galaxy S10 G973, 128GB, GSM Unlocked Dual SIM, Water ..., Samsung Galaxy S10 S10e S10+ Plus 128GB 512GB - Unlocked ..., Amazon.com: Samsung Galaxy S10+, 128GB, Prism Black - AT&T ..., Galaxy S10 5G hands-on: Live demo with Samsung's faster ..., Samsung Galaxy S10+ Unlocked Android Cell Phone, 6.4 Inch ..., Samsung Galaxy S10 Plus + Like New And Unlocked! No ..., Samsung Galaxy S10 Plus Black 128GB Unlocked Normal - The ..., Why The Samsung Galaxy S10 Is The Best Valued Android Phone ..., Samsung Galaxy S10 SM-G973U GSM Unlocked - Good Condition ..., SAMSUNG S10 PLAIN FULL DISPLAY GB 128 , RAM 8 , CAMERA KALI ..., Many Galaxy S10 units shipped early reportedly came in open ..., Samsung Galaxy S10+ First Review: Chic, Slick And Totally New, Samsung Galaxy S10e Cell Phone Review - Consumer Reports, Hands On: Samsung's 'Lite' S10, Note 10 Trade Wow Factor for ..., Samsung Galaxy S10+ Plus 128GB ANY CARRIER for Sale in Chula ..., Samsung Galaxy S10 In LATE 2022! (Review) - YouTube, Samsung Galaxy S10 review: the awkward middle child | The Verge, Galaxy S10: Everything you need to know about Samsung's ..., Samsung Galaxy S10 First Look: More Phones, More Cameras ..., Samsung Galaxy S10 One UI 2.0 beta locking users out (Update ..., Samsung Galaxy S10 Lite (SM-G770F/DS) 128GB (GSM ..., Samsung Galaxy S10 review: Reassuringly expensive | IT Pro, Galaxy S10 shipment estimates increased by Ming-Chi Kuo, Amazon.com: Samsung Galaxy S10+ Plus 128GB+8GB RAM SM-G975F ..., The Samsung Galaxy S10 Is Keeping the Headphone Jack ..., Samsung Galaxy S10 Has A Virtual Bezel Option To H ..., S10 vs. S10+, S10e: Samsung Galaxy Buying Guide | CNN ..., Samsung Galaxy S10+ Plus UNLOCKED Like New, Galaxy S10+ review: Too many compromises for the sky-high ..., Samsung Galaxy S10 Plus .128GB inbuilt .8gb Ram .fingerprint ..., Samsung Galaxy S10 Range - Hands on - Coolsmartphone, Samsung Galaxy S10 vs S10e vs S10 Plus - Tech Advisor, I got my hands on Samsung's new Galaxy S10 phones ... so ..., Samsung's Galaxy S10 Suffers From A Major Security Flaw, Samsung Galaxy S10+ review: Another predictably great flagship, Samsung Galaxy S10 vs iPhone XS | TechRadar, Samsung Innovation Shines With New Galaxy S-Series Smartphones, Samsung Galaxy S10+ Review - Review 2019 - PCMag Middle East, Samsung s10+ Gb128 used from Uk Good condition Used but ..., Samsung Galaxy S10 review | Stuff, Samsung Galaxy S10 Review | KTLA, Samsung Unlocked Galaxy S10, 128GB, Prism Blue, 6.1 Infinity ..., 5 things about Samsung's Galaxy S10e that might surprise you, Samsung Galaxy S10 Plus 128 GB Blue for sale - Sumon ..., Samsung Galaxy S10+ review | What Hi-Fi?, Samsung is working on 'perfect full-screen' devices with ..., Samsung Galaxy S10e Review: Every Bit A Flagship For Less ..., Samsung Galaxy S10e review: This Galaxy is for everyone ..., Wholesale Second Hand Smartphone Original Used Smart Phone ..., Samsung Galaxy S10 hands-on: Samsung takes the Goldilocks ..., Samsung working on fix for Galaxy S10 fingerprint unlock bug ..., 10 Things To Know About The Samsung Galaxy S10 | CRN, Samsung Galaxy S10e / S10 / S10+ / S10 5G (G970U/G973U/G975U ..., Review: The Samsung Galaxy S10 is a flagship phone worthy of ..., Samsung Galaxy S10 tips and tricks: Every model - Tech Advisor, Millennium Trenz Wireless, 1012 S Federal Blvd, Denver, CO ..., Hands On with the Samsung Galaxy S10 Series (Phone Scoop), Samsung Galaxy S10 and S10+ hands-on
2026-06-10 18:48:09 - Found 8 products in database
2026-06-10 18:48:09 - Image found at: ../../assets/uploads/products/1780413814_6a1ef576b24f2.webp
2026-06-10 18:48:09 - Image found at: ../../assets/uploads/products/1780546795_6a20fceb50ac4.webp
2026-06-10 18:48:09 - Image found at: ../../assets/uploads/products/1780548688_6a2104504d910.webp
2026-06-10 18:48:09 - Image found at: ../../assets/uploads/products/1780548759_6a2104974ab0c.webp
2026-06-10 18:48:09 - Image found at: ../../assets/uploads/products/1780548841_6a2104e90866f.webp
2026-06-10 18:48:09 - Image found at: ../../assets/uploads/products/1780548932_6a2105449b491.webp
2026-06-10 18:48:09 - Image found at: ../../assets/uploads/products/1780548997_6a210585b2c5b.webp
2026-06-10 18:48:09 - Image found at: ../../assets/uploads/products/1780549107_6a2105f38e310.webp
2026-06-10 18:48:09 - Returning 8 products
2026-06-10 18:49:59 - === New search request ===
2026-06-10 18:49:59 - Temp file saved: ../../temp/6a2995b7451a6_1781110199_1779272012_6a0d894c92245.jpg
2026-06-10 18:49:59 - Uploading to ImgBB...
2026-06-10 18:50:02 - Image uploaded to: https://i.ibb.co/p6YMhb0m/e13607ff6b3d.jpg
2026-06-10 18:50:02 - Calling SerpApi Google Lens...
2026-06-10 18:50:06 - SerpApi response received
2026-06-10 18:50:06 - Found 59 visual matches
2026-06-10 18:50:06 - Search terms: 205,000+ Jeans Isolated Stock Photos, Pictures & Royalty ..., 1,000+ Blue Faded Ripped Jeans Close Up Stock Photos ..., Slim Fit Men Jeans at ₹ 600/piece in Varanasi | ID ..., Photos by artistnameyes (@artistnameyes) · May 16, 2026, Slim Fit Blue Jeans at ₹ 1500/piece in Veraval | ID ..., Banana Republic Denim Jeans for Men for sale | eBay, Hemp Jeans, JN2402 | Straight Cut 16 oz Selvedge – Schott N.Y.C., Celine × Hedi Slimane CELINE - FRANCOISE RAW DENIM JEANS ..., 3,413,780 Jean A Stock Photos, High-Res Pictures, and Images ..., Women's Imogene + Willie Raw Denim Jeans Size 25r (30x31) | eBay, Martin | Original Raw Selvage – Raleigh Denim, Light Indigo Stretch Denim Jeans – StudioSuits, Red Tornado Tapered 14oz Selvedge Denim Jeans W29L30 Dark ..., JN2522 | Bootcut Selvedge – Schott N.Y.C., Redew Jeans: Premium Sustainable Denim – Aktiv, Graham | Original Raw Selvage – Raleigh Denim, Lot.1925 No.2 Slim Tapered Fit Jeans with Modern Denim ..., ORIGIN® MAVERICK JEANS - STRAIGHT, Texas Blue Stretch Stone Wash Whisker Jeans - Look #688 ..., TCB "ORANGE TAB 606" 13OZ SUPER SLIM JEANS – CULT ..., Skinny Tight Blue Jeans On White Background Stock Photo ..., J304 12.5oz Africa Cotton Straight Selvedge Jeans, SPOKE Selvedge Denim - Rinse Wash Custom Fit Jeans - SPOKE, Women's Ultra Stretch Skinny Jeans | UNIQLO US, Fear of God Fear of god 5th collection slim zip jeans | Grailed, A Selvedge Story | Shop Sid Mashburn, 1109XXW - Slim Denim - – FULLCOUNT, Men's John Elliott + co Handmade in Los Angeles Selvedge Red ..., Flint and Tinder White Oak Jeans - Slim - White Oak ..., Uniqlo u jeans - Gem, TOM FORD Slim-Leg Jeans for Men | MR PORTER, 1170-2-ID Indigo Sashiko Denim - Relaxed Tapered Fit – Blue ..., Petit Standard Jeans | A.P.C., La-2W12D-2811 12oz Selvedge Slim fit, Fit 2 Slim Jeans - Ezra | rag & bone, Ace Rivington Men's Athletic Taper Stretch Denim Jeans, Dark ..., A.P.C. | Jeans | Apc Petite Standard Jean Droit Etroit Jeans ..., Portola Classic Taper - 13oz Natural Rinsed Denim – Standard ..., Buy NSXT 16oz "SEN" Natural Indigo Extreme Tapered Jeans for ..., Japan Blue 14.8oz J201 – Fade Update 150 Wears : r/Selvedge, Slim Jeans Blue | VERSACE US, A.P.C. Men's Jeans - Skinny, Straight, Relaxed & More ..., Slim Selvedge Levi&#039;s 511 Selvedge Denim Okinawa ..., Etroit Court Women Slim fit Denim Jeans, Denim, Men's Rivet Jean, Ruttloff】H2-Antique Blue Selvedge Slim Tapered Jeans 12oz ..., Iron Heart 777s-18 Vintage Denim Jeans - Slim Tapered, Selvedge Orange Blue Denim Jeans - Raw Unwashed : Made ..., Polo Ralph Lauren Varick Slim Straight Jeans | Saks Fifth Avenue, Men's Jeans, Men's Jeans | Shop Men's Raw and Washed Denim at Brooklyn ..., LEVI STRAUSS Size 29 Blue Cotton Blend Slim Straight Five ..., 8.6oz - MIJ14 Haru Kaze Selvedge - True Guy | Dant, SP-115S "Earth Denim" 45th Anniversary 15oz Fox Fiber ..., Tellason Ankara Selvedge Jean — TODD BLUBAUGH, Uniqlo Selvedge Regular Straight : r/rawdenim
2026-06-10 18:50:06 - Found 2 products in database
2026-06-10 18:50:06 - Image found at: ../../assets/uploads/products/1780548759_6a2104974ab0c.webp
2026-06-10 18:50:06 - Image found at: ../../assets/uploads/products/1780548932_6a2105449b491.webp
2026-06-10 18:50:06 - Returning 2 products
2026-06-10 18:50:40 - === New search request ===
2026-06-10 18:50:40 - Temp file saved: ../../temp/6a2995e035f37_1781110240_1780415377_6a1efb912a35e.webp
2026-06-10 18:50:40 - Uploading to ImgBB...
2026-06-10 18:50:41 - Image uploaded to: https://i.ibb.co/3YshxNSW/816c76fab3a7.webp
2026-06-10 18:50:41 - Calling SerpApi Google Lens...
2026-06-10 18:50:45 - SerpApi response received
2026-06-10 18:50:45 - Found 59 visual matches
2026-06-10 18:50:45 - Search terms: Amazon.com: Samsung Galaxy Note20 Ultra 5G, 128GB, Mystic ..., Amazon.com: Note 20 Ultra Back Glass Replacement (Waterproof ..., Samsung Galaxy Note 20 Ultra 5G, Dual Hybrid Sim, 12GB+256GB ..., Samsung Galaxy Note20 Ultra 5G SM-N986U 128GB Mystic Black ..., Unlocked Samsung Galaxy Note20 Ultra 5G 12GB RAM 128GB SM ..., Samsung Note 20 Ultra 5G 128GB + single sim + E-sim ++ 12GB ..., Samsung Galaxy Z Fold2 5G - 256GB - Black (Factory Unlocked ..., Samsung Galaxy Note 20 Ultra - Official Hands On (Leak ..., Samsung Galaxy Note 20 Ultra hands-on review: Note so ..., Samsung Note 20 Ultra 128GB 12GB Ram + 128GB Storage ..., Selling Samsung Note 20 Ultra 8gb ram, Ultra Colors Bronze Samsung Note 20 Ultra Samsung Note 20 ..., Samsung Galaxy Note 20 Ultra 128 GB Black for sale ..., Refurbished Galaxy Note 20 Ultra | Reebelo US, Galaxy-Note-20-Ultra-128gb for Sale in Visalia, CA - OfferUp, Amazon.com: Samsung Galaxy Note 20 Ultra, 128GB, Black ..., Samsung Galaxy Note 20 Ultra 5G - Verizon, 128GB, Mystic ..., New S-Pen sticks out the bottom on Note 20 Ultra - Samsung ..., Samsung Phones Under AED 700 for Sale in UAE | dubizzle Page ..., Nyingine hii naitupa Samsung Note 20 ultra 5G, Gb 128 Peni ..., Straight Talk Samsung Galaxy Note 20 Ultra, 256GB, 12GB Ram ..., Samsung Galaxy Note 20 Ultra (Mystic Black) | Unboxing ..., Refurbished Samsung Note 20 Ultra: Best Deals & Quality Check, Galaxy Note 20 Ultra in Mystic Black : r/samsung, Samsung Galaxy Note 20 Ultra - SamMobile, All Products, Samsung SM-N986U Galaxy Note 20 Ultra 5G (128GB, 12GB, 6.9 ..., Classifieds: Samsung Galaxy Note 20 Ultra 5G for Sale ..., Galaxy Note20 Ultra • Unlocked Refurbished | Back Market, Best Selling for Sam Note 20 Ultra Cellphones Original ..., Cell Phones Verizon Wireless Samsung Galaxy Note 20 Ultra ..., Samsung Galaxy Note20 Ultra 5G 128GB (Unlocked) Mystic Black ..., samsung Note 20 ultra Unlock - cell phones - by owner ..., Samsung Galaxy Note 20 Ultra Mobiles for Sale : Best Samsung ..., TechFarm - US$180 - Samsung Galaxy S8 Plus 64GB ROM + 4GB ..., Galaxy Note 20 Ultra 5G - Product Guide, Specs, Prices, and ..., Samsung note 20 ultra 5G - Mobile Phones in undefined ..., Samsung Galaxy Note 20 Ultra 5G 128 GB Black for sale ..., New Samsung Galaxy Note 20 Ultra 5G 512GB 128GB Factory ..., Samsung Note 20 Ultra 5G 128GB ⚠️ Line on Screen ☑️12GB ..., Galaxy Note 20 Ultra 120hz Galaxy Note20 Note 20 Ultra 120hz ..., Samsung Galaxy Note 20 first hands-on pictures just leaked ..., Note 20 Ultra Samsung Prix De Lubumbashi | TikTok, Samsung note20ultra 256GB — купить б/у · Mobiks, Galaxy Note 20 Ultra 128GB - Walmart Business Supplies, Sumsung Galaxy S23 128 Gb for Sale in Houston, TX - OfferUp, Android Wholesale Phone for Note20 Ultra Unlocked Smartphone ..., Влияние FPS на скилл в PUBG | TikTok, Samsung Galaxy Note 20 Plus: two important specs just got ..., 256 GB Siyah Samsung Galaxy Note 20 Ultra 5G Cep Telefonu ..., Amazon.com: Samsung Galaxy Note 20 5G, 128GB, Mystic Gray ..., Samsung Note 20 Ultra 5G 12gb/256gb 100% Condition Original ..., Samsung Galaxy Note 20 first impressions: Not what I ..., Samsung Note 20 Ultra | Kupatana, Samsung Galaxy note 20 ultra(12/256) for Rs.32000 ..., Samsung note 20 ultra 5g for sale, Samsung Galaxy Note 20 Ultra 128GB - $78,000 Purchase comes ..., Back to OEM colors after clear mod on both. : r/note20ultra, The Best iPhone Alternatives With Mind-Blowing Features
2026-06-10 18:50:46 - Found 8 products in database
2026-06-10 18:50:46 - Image found at: ../../assets/uploads/products/1780413814_6a1ef576b24f2.webp
2026-06-10 18:50:46 - Image found at: ../../assets/uploads/products/1780546795_6a20fceb50ac4.webp
2026-06-10 18:50:46 - Image found at: ../../assets/uploads/products/1780548688_6a2104504d910.webp
2026-06-10 18:50:46 - Image found at: ../../assets/uploads/products/1780548759_6a2104974ab0c.webp
2026-06-10 18:50:46 - Image found at: ../../assets/uploads/products/1780548841_6a2104e90866f.webp
2026-06-10 18:50:46 - Image found at: ../../assets/uploads/products/1780548932_6a2105449b491.webp
2026-06-10 18:50:46 - Image found at: ../../assets/uploads/products/1780548997_6a210585b2c5b.webp
2026-06-10 18:50:46 - Image found at: ../../assets/uploads/products/1780549107_6a2105f38e310.webp
2026-06-10 18:50:46 - Returning 8 products
2026-06-10 22:41:33 - === New search request ===
2026-06-10 22:41:33 - Temp file saved: ../../temp/6a29cbfdbb9cb_1781124093_1779360361_6a0ee269e9052.jpeg
2026-06-10 22:41:33 - Uploading to ImgBB...
2026-06-10 22:41:33 - ImgBB upload failed: HTTP 0: 
2026-06-11 12:30:46 - === New search request ===
2026-06-11 12:30:46 - Temp file saved: ../../temp/6a2a8e56eb0c1_1781173846_1780415801_6a1efd39c71c4.webp
2026-06-11 12:30:46 - Uploading to ImgBB...
2026-06-11 12:30:48 - Image uploaded to: https://i.ibb.co/WWVyWKdK/ab95fbe74d19.webp
2026-06-11 12:30:48 - Calling SerpApi Google Lens...
2026-06-11 12:30:56 - SerpApi response received
2026-06-11 12:30:56 - Found 59 visual matches
2026-06-11 12:30:56 - Search terms: Samsung Galaxy S10 G973F/DS SINGLE SIM 128GB Unlocked ..., Open Box) Samsung Galaxy S10 Plus 128GB, Black (UScellular ..., Samsung Galaxy S10 G973U 128GB Prism Black Fully Unlocked ..., SAMSUNG Galaxy S10 G973, 128GB, GSM Unlocked Dual SIM, Water ..., Amazon.com: SAMSUNG Galaxy S10+ Plus (128GB, 8GB) 6.4 ..., Samsung Galaxy S10 SM-G973U GSM Unlocked - Good ..., Samsung Galaxy S10 Black 128GB Unlocked Normal - The ..., Samsung Galaxy S10+ SM-G975W - 512GB - Ceramic White ..., Samsung Galaxy S10 with 128GB Memory Cell Phone (Unlocked ..., Galaxy S10 as my primary phone in 2026 — still going strong ..., Samsung Galaxy S10 – The near-perfect middle brother - YouTube, Living with a Samsung Galaxy S10+ | PCMag, Unlocked Samsung Galaxy S10 128gb Black for Sale in ..., Samsung Galaxy S10 128GB 8GB RAM for sale, Samsung's fastest-ever Android 10 update hits the US on T ..., Samsung Galaxy S10 Price Tsh 330,000 Storage 128GB Dual Line ..., Amazon.com: Samsung Galaxy Cellphone - S10 - Verizon ..., Samsung Galaxy S10 Plus Review: Two Months Later ..., Samsung S10 5G Black 256GB - Price 350,000 | TikTok, SamsungGalaxy S10 Black 128GB | Mercari, Samsung Galaxy S10 Prism Blue 128 GB from AT&T, Hands On with the Samsung Galaxy S10 Series (Phone Scoop), Samsung S10 Plus 128GB|Ram 8GB All Colors Tsh 330,000/= tzs ..., Samsung Galaxy S10 for Sale in Houston, TX - OfferUp, SAMSUNG GALAXY S10 512GB STORAGE Price:400,000/= 0747692699 ..., The S10 is still a great smartphone in 2025. Got this gem ..., Samsung Galaxy S10 Review, Samsung Galaxy S10 128GB Prism Black Unlocked Excellent ..., Restored Samsung G975 Galaxy S10 Plus, 128 GB, Prism Black ..., Samsung S10plus. ...128gb Unlo K Any Sim, Samsung Galaxy S10+ Plus Review and Pricing | TikTok, Samsung Galaxy S10 Plus - Verizon, 128GB, Black, 8GB, SM ..., Samsung Galaxy S10 G973U G973F Phones Original... From ..., Samsung Galaxy S10 review – Anniversary flagship - Root ..., Samsung Galaxy S10 128 GB Black for sale - Gogogadget ..., Samsung Galaxy S10 review - Pocket-lint, Amazon.com: SAMSUNG Galaxy S10+ Plus 128GB SM-G975U Single ..., Samsung Galaxy S10 Lite vs Galaxy S10: What's the difference ..., Samsung Galaxy S10 review: A powerful 'compact' flagship ..., Samsung Galaxy S10+ Plus Black 128GB ANY CARRIER for Sale in ..., Buy Second Hand Samsung S10 - Used Mobile Phones in ..., Samsung Galaxy S10 Review: No-Brainer Best Android For ..., Samsung Galaxy S10+ 8/128GB (Pre Owned) + Single Sim + Trade ..., Samsung Galaxy S10+ - Ugasales, SAMSUNG S10+ GB128 RAM 8 CAMERA🔥 BEI:260K + FREE Delivery ..., Unlock Bulk Wholesale Original Used Mobile Phones Android ..., Seven years later (S10) : r/samsunggalaxy, Samsung Galaxy S10 In 2024! My Favorite Of the series! - YouTube, Amazon.com: Samsung Galaxy S10, 128GB, Prism Blue - Unlocked ..., Specifications | Samsung Galaxy S10 | Samsung Caribbean, Samsung Galaxy S10 Preto - Bom (Recondicionado) | MercadoLivre, Samsung Galaxy S10 128GB Overview and Features | TikTok, Samsung Galaxy S10 - 128 GB - Black (Unlocked) (Dual SIM ..., SAM Galaxy S10 Smartphone SM G973F, 4G, Kuwait | Ubuy, Samsung galaxy s10 at shs 480 000ugx for sale in Uganda, Samsung Galaxy S10 Plus 128 GB Black for sale - Musad ..., 10 best highlights of the Samsung Galaxy S10 and S10+, Samsung Galaxy S10 5G 128 GB Mobiles for Sale in Yemen ..., AzadBazar
2026-06-11 12:30:57 - Found 8 products in database
2026-06-11 12:30:57 - Image found at: ../../assets/uploads/products/1780413814_6a1ef576b24f2.webp
2026-06-11 12:30:57 - Image found at: ../../assets/uploads/products/1780546795_6a20fceb50ac4.webp
2026-06-11 12:30:57 - Image found at: ../../assets/uploads/products/1780548688_6a2104504d910.webp
2026-06-11 12:30:57 - Image found at: ../../assets/uploads/products/1780548759_6a2104974ab0c.webp
2026-06-11 12:30:57 - Image found at: ../../assets/uploads/products/1780548841_6a2104e90866f.webp
2026-06-11 12:30:57 - Image found at: ../../assets/uploads/products/1780548932_6a2105449b491.webp
2026-06-11 12:30:57 - Image found at: ../../assets/uploads/products/1780548997_6a210585b2c5b.webp
2026-06-11 12:30:57 - Image found at: ../../assets/uploads/products/1780549107_6a2105f38e310.webp
2026-06-11 12:30:57 - Returning 8 products
2026-06-11 14:19:29 - === New search request ===
2026-06-11 14:19:29 - Temp file saved: ../../temp/6a2aa7d135301_1781180369_779be7f4-dbad-458a-bc30-f793cd214059.jpg
2026-06-11 14:19:29 - Uploading to ImgBB...
2026-06-11 14:19:34 - Image uploaded to: https://i.ibb.co/wZCyn5JV/858c966cf56a.jpg
2026-06-11 14:19:34 - Calling SerpApi Google Lens...
2026-06-11 14:19:40 - SerpApi response received
2026-06-11 14:19:40 - Found 59 visual matches
2026-06-11 14:19:40 - Search terms: Amazon.com: HP 2018 Pavilion 15.6" FHD Flagship Backlit ..., HP Silver Iridium A12 15-cd040wm 15.6? Laptop, Touchscreen ..., Amazon.com: HP Pavilion 15 15.6" IPS Touchscreen Full HD ..., Labtop Computer | eBay, Amazon.com: 2017 HP Pavilion Business Flagship Laptop PC ..., HP Pavilion Laptop 15.6 Screen 8th Gen Intel Core i5 8GB ..., HP Pavilion Touch 15.6" Intel Core i5 8GB RAM, 256GB SSD ..., HP 15.6"" Core i3 Laptop - Thin, Light, Business Notebook ..., HP Pavilion 15-cc Laptop, 15.6" FHD Touch, Intel Core i7 ..., HP Pavilion Touchscreen HD 15.6" Intel Core i5-7200U Laptop ..., HP Pavilion 15-eg1053cl 15.6'' (512GB SSD, Intel Core i5 ..., HP Envy 15-as133cl 15.6" Touchscreen Notebook - Intel Core ..., HP Pavilion Laptop Computer 15.6" FHD Intel Core i7 16 GB ..., HP Pavilion 15t 3BC70AV_1 (2018) 15.6″ Notebook, 8th Gen ..., HP Pavilion 15-CC195CL Laptop & Chromebook Review - Consumer ..., HP 15 ck075nr Pavilion Laptop 15.6 Touch Screen 8th Gen ..., Hp Pavilion 15-CC 15-inch (2018) - Core i5 - Gen 8 (U) - 8 ..., Amazon.com: HP Pavilion 15-cc123cl HD Touchscreen Laptop i5 ..., HP Pavilion 15   Specs  10th Generation laptop intel core i5 ..., HP 15.6"" FHD Laptop, Intel i5-1137G7, 8GB RAM, 512GB SSD ..., HP Pavilion 15 Laptop PC 15-eh3000 series specifications ..., HP Pavilion 15 - i5-8250U · UHD Graphics 620 · 15.6”, Full ..., Review of the HP Envy 15T: Affordable, Lightweight, and ..., HP Pavilion 15 CC100TX, Core i3 at ₹ 19500 in New Delhi ..., Shop 2017 Hp Pavilion Business Flagship Lapto – Luggage Factory, HP Pavilion 15 - Budget Monster Laptop? - YouTube, Refurbished: HP Pavilion 15-cs1063cl HD WLED 15.6 ..., Amazon.com: HP Envy 17-inch Laptop, Intel Core i7-7500U ..., HP Pavilion 15" AMD A6 1TB Touch Laptops, HP Pavilion 15 (2023) - $529 Black Friday Deal - YouTube, HP Pavilion 15-CC023CL 15.6" HD Touch Laptop Intel i5 ..., Amazon.com: HP Pavilion 15.6-inch 15-eg0065st FHD IPS Laptop ..., Hp Core I5 1tb 8gb Ram HP 15s-du1096tu Intel Core I5 10th ..., HP Pavilion 15-CC152 Core™ i5-8250U 1.6GHz 1TB 8GB 15.6 ..., Amazon.com: HP Pavilion Laptop, 15.6” Full HD Touchscreen ..., HP Laptop Suppliers in New Delhi by Keshari Computer ..., HP Pavilion 15 15.6" IPS Touchscreen Full HD (1920x1080 ..., HP Pavilion Backlit Keyboard 15.6" FHD Flagship Gaming ..., HP Pavilion 15" AMD A6 1TB Touch Laptop, HP PAVILION i5 7th gen | bizwiztech computer, Core I5 8250u Hp Pavilion 940mx Notebook HP Pavilion 15 ..., Refurbished - HP 15.6" 15-cc076sa FHD Intel Dual Core i7 ..., 2019 Newest HP Pavilion 15 15.6" HD Touchscreen Business ..., Hp - HP Pavillion 15, HP Pavilion Laptop 15 – CSI.pt, HP 7265NGW I5-8350U 3.60GHz, HP Pavilion 15-cd059sa 15.6" AMD A12 Laptop - 2 TB HDD ..., HP Laptop – bold16, HP Upgraded 15.6" Full HD Laptop Intel Core i3 1215U 16GB ..., Modern Classification of Computers by Generation, HP Pavilion 15-cc509no demo - 2FN10EA#UUW-D2 | Billigteknik.se, HP Pavilion 15-cs1063cl HD WLED 15.6" Touchscreen Laptop ..., 2018 Flagship Hp Pavilion 15 6 Inch Flagship Notebook Laptop ..., HP Pavilion i5-8250U/12GB/1TB/Win10 Touch - Laptop 15" - 16 ..., HP Pavilion i3-7100U/4GB/1TB+120SSD/DVD-RW/Win10 FHD ..., Лаптоп HP Pavilion 15-cc500nu с Windows 10 с Intel Core i7 ..., HP Pavilion 15-CX0xx Series Pros and Cons | TechSpot
2026-06-11 14:19:41 - Found 0 products in database
2026-06-11 14:19:41 - Returning 0 products
2026-06-11 14:19:55 - === New search request ===
2026-06-11 14:19:55 - Temp file saved: ../../temp/6a2aa7ebc5639_1781180395_779be7f4-dbad-458a-bc30-f793cd214059.jpg
2026-06-11 14:19:55 - Uploading to ImgBB...
2026-06-11 14:19:59 - Image uploaded to: https://i.ibb.co/wZCyn5JV/858c966cf56a.jpg
2026-06-11 14:19:59 - Calling SerpApi Google Lens...
2026-06-11 14:20:00 - SerpApi response received
2026-06-11 14:20:00 - Found 59 visual matches
2026-06-11 14:20:00 - Search terms: Amazon.com: HP 2018 Pavilion 15.6" FHD Flagship Backlit ..., HP Silver Iridium A12 15-cd040wm 15.6? Laptop, Touchscreen ..., Amazon.com: HP Pavilion 15 15.6" IPS Touchscreen Full HD ..., Labtop Computer | eBay, Amazon.com: 2017 HP Pavilion Business Flagship Laptop PC ..., HP Pavilion Laptop 15.6 Screen 8th Gen Intel Core i5 8GB ..., HP Pavilion Touch 15.6" Intel Core i5 8GB RAM, 256GB SSD ..., HP 15.6"" Core i3 Laptop - Thin, Light, Business Notebook ..., HP Pavilion 15-cc Laptop, 15.6" FHD Touch, Intel Core i7 ..., HP Pavilion Touchscreen HD 15.6" Intel Core i5-7200U Laptop ..., HP Pavilion 15-eg1053cl 15.6'' (512GB SSD, Intel Core i5 ..., HP Envy 15-as133cl 15.6" Touchscreen Notebook - Intel Core ..., HP Pavilion Laptop Computer 15.6" FHD Intel Core i7 16 GB ..., HP Pavilion 15t 3BC70AV_1 (2018) 15.6″ Notebook, 8th Gen ..., HP Pavilion 15-CC195CL Laptop & Chromebook Review - Consumer ..., HP 15 ck075nr Pavilion Laptop 15.6 Touch Screen 8th Gen ..., Hp Pavilion 15-CC 15-inch (2018) - Core i5 - Gen 8 (U) - 8 ..., Amazon.com: HP Pavilion 15-cc123cl HD Touchscreen Laptop i5 ..., HP Pavilion 15   Specs  10th Generation laptop intel core i5 ..., HP 15.6"" FHD Laptop, Intel i5-1137G7, 8GB RAM, 512GB SSD ..., HP Pavilion 15 Laptop PC 15-eh3000 series specifications ..., HP Pavilion 15 - i5-8250U · UHD Graphics 620 · 15.6”, Full ..., Review of the HP Envy 15T: Affordable, Lightweight, and ..., HP Pavilion 15 CC100TX, Core i3 at ₹ 19500 in New Delhi ..., Shop 2017 Hp Pavilion Business Flagship Lapto – Luggage Factory, HP Pavilion 15 - Budget Monster Laptop? - YouTube, Refurbished: HP Pavilion 15-cs1063cl HD WLED 15.6 ..., Amazon.com: HP Envy 17-inch Laptop, Intel Core i7-7500U ..., HP Pavilion 15" AMD A6 1TB Touch Laptops, HP Pavilion 15 (2023) - $529 Black Friday Deal - YouTube, HP Pavilion 15-CC023CL 15.6" HD Touch Laptop Intel i5 ..., Amazon.com: HP Pavilion 15.6-inch 15-eg0065st FHD IPS Laptop ..., Hp Core I5 1tb 8gb Ram HP 15s-du1096tu Intel Core I5 10th ..., HP Pavilion 15-CC152 Core™ i5-8250U 1.6GHz 1TB 8GB 15.6 ..., Amazon.com: HP Pavilion Laptop, 15.6” Full HD Touchscreen ..., HP Laptop Suppliers in New Delhi by Keshari Computer ..., HP Pavilion 15 15.6" IPS Touchscreen Full HD (1920x1080 ..., HP Pavilion Backlit Keyboard 15.6" FHD Flagship Gaming ..., HP Pavilion 15" AMD A6 1TB Touch Laptop, HP PAVILION i5 7th gen | bizwiztech computer, Core I5 8250u Hp Pavilion 940mx Notebook HP Pavilion 15 ..., Refurbished - HP 15.6" 15-cc076sa FHD Intel Dual Core i7 ..., 2019 Newest HP Pavilion 15 15.6" HD Touchscreen Business ..., Hp - HP Pavillion 15, HP Pavilion Laptop 15 – CSI.pt, HP 7265NGW I5-8350U 3.60GHz, HP Pavilion 15-cd059sa 15.6" AMD A12 Laptop - 2 TB HDD ..., HP Laptop – bold16, HP Upgraded 15.6" Full HD Laptop Intel Core i3 1215U 16GB ..., Modern Classification of Computers by Generation, HP Pavilion 15-cc509no demo - 2FN10EA#UUW-D2 | Billigteknik.se, HP Pavilion 15-cs1063cl HD WLED 15.6" Touchscreen Laptop ..., 2018 Flagship Hp Pavilion 15 6 Inch Flagship Notebook Laptop ..., HP Pavilion i5-8250U/12GB/1TB/Win10 Touch - Laptop 15" - 16 ..., HP Pavilion i3-7100U/4GB/1TB+120SSD/DVD-RW/Win10 FHD ..., Лаптоп HP Pavilion 15-cc500nu с Windows 10 с Intel Core i7 ..., HP Pavilion 15-CX0xx Series Pros and Cons | TechSpot
2026-06-11 14:20:00 - Found 0 products in database
2026-06-11 14:20:00 - Returning 0 products
2026-06-11 14:22:01 - === New search request ===
2026-06-11 14:22:01 - Temp file saved: ../../temp/6a2aa869c043b_1781180521_1779360361_6a0ee269e9052.jpeg
2026-06-11 14:22:01 - Uploading to ImgBB...
2026-06-11 14:22:07 - Image uploaded to: https://i.ibb.co/YTfRQT2v/c67c2c78969c.jpg
2026-06-11 14:22:07 - Calling SerpApi Google Lens...
2026-06-11 14:22:11 - SerpApi response received
2026-06-11 14:22:11 - Found 60 visual matches
2026-06-11 14:22:11 - Search terms: NAPOST PAZIA CHAMBUU PAZIA ZA 🔥🔥🔥🔥 PAZIA QUALITY SET ..., Photo by Steven (@home_curtain_) · February 4, 2026, NEW ARRIVALS 🔥NEW MATERIALS 🔥 🎀Rangi ni NYEUSI/BLACK ..., OFFER OFFER !!!!* *Pazia set new prices* M1.5 54,000 (3PC ..., FunStick 24"x200" Black Granite Countertop Contact Paper ..., METALLIC BRASS BRONZE DISTRESSED VINTAGE Goat leather 2 ..., Black Asooke with Gold Streaks Headtie – 5yardfabrics, Metallic Foil Striped Printed Woven Wool Tweed Coating ..., Black and Gold Jacquard Fabric Floral Wedding Dress Prom ..., Rustic Natural Black Gold Flecked Cork Fabric – Sallie Tomato, Chuo cha mipango na maendeleo vijijini Dodoma(IRDP - DODOMA), Amazon.com: Framed Long Narrow Vertical Moon Wall Art Set of ..., Reel by Abigael Athanas Mlowe (@abigail_pamba_kali_store ..., Black Dimensional Grasscloth Peel and Stick Wallpaper ..., METALLIC GOLD BRASS REPTILE PRINT On Goat Leather 2 skins 9+ ..., Buy Brown Stripes Print Tweed Shimmer fabric Online at ..., Clear Mirror Panel | Interior Wall Mirror Melbourne | THQ, Wall Panel Waist Line Molding Trim Timber Thick Stair ..., Metallic Tweed Ribbon for Holiday Decor & Gift Wrapping with ..., Grey Louvers Panel - Stylish & Durable Polystyrene Cladding, Waikiki Gold Fabric, Stripe (Metallic Print) Wholesale Fabric in Black and Gold ..., Alton Black Faux Grasscloth Wallpaper DL26716/4125-26716, China Customized PS Wall Panel For Uzbekistan Market ..., HEART OF DARKNESS Easton Press | Joseph Conrad | First ..., High Quality Two Curtains With One Less 1.5 Metres Long Long ..., Discover Unique Fabric Designs at Our Pretoria Shop | TikTok, Metallic Italian Novelty Tweed - Black / Gold / Silver, DDCM-006 – Wall Molding and Water-Resistant 3D Panels Shop, Hollywood Stripe Moss Green Valdese Chenille Upholstery ..., Gold Stripes on Black Wrapping Paper, 17.5 sq. ft ..., Metallic Filiform Black and Gold Thick Lurex Fabric - OneYard, Signature Design by Ashley Keldy A2000490 Box Set, Natural Grasscloth Hemp Wallpaper painted in matte blue ..., Gold and Black Eyelash Striped Ribbon Embellished Black Home ..., Rising Stars: Meet Jeff Ragland of Mission Hills – SDVoyager ..., SEQUIN PARADE CANE-SILVER - Costume Holiday House, Black with Gold Fleck Cork fabric – MM Cork Supply, IRuiYinGo, Wrapping Paper, 20"x28", Black Gold Foil Birthday ..., Photo Frame - Rustic Golden Finish Photo Frame Mouldings ..., PAUL LYNCH: Prophet Song, Signed Edition, OBEX Grid Entrance Flooring - KNB Mills, Metallic Italian Silk Chiffon Fil Coupé - Black / Gold / Silver, Vinyl Vibrations in Starry Night | Phillip Jeffries, The Gatsby – Clear Gold Glitter Acrylic Walking Stick – Neo Walk, Covington Dundee Antique Blue 58" Upholstery Fabric - Sailrite, Supoo Top Quality Tribute Brocade Fabric Polyester High-end ..., Multi Color Wave Panel PVC Louver Wall Decor 160*12mm ..., Zarina | The Straight Path | Contemporary Curated | 2023 ..., Black Gold Wrapping Paper Ribbli Birthday Wrapping Paper (3 ..., Carabelle Obsidian Chenille Upholstery Fabric – Robert Allen ..., Cascade 9W 1 LED Light Outdoor Wall Lantern 21 Inch Tall by ..., Framing | Fine Art, Amazon.com: Taisier Home Gold Foil Print Linen Textured ..., Sebastien Courty: The Golden Thread Artist – Art Summit, Wpc Louvers Panels & Wpc Wall Cladding Trader - Retailer ..., Luxury Gilding Sofa Cover Universal Sofa Towel Non-Slip All ..., Durable Non-Slip Strips- N30 | Ecoglo Visibly Better, Category: Wholesale Blanks | Stryker Rods, China Customized 160x24mm WPC Wall Panel For Interior Decor ...
2026-06-11 14:22:11 - Found 7 products in database
2026-06-11 14:22:11 - Image found at: ../../assets/uploads/products/1780549697_6a21084173a28.jpeg
2026-06-11 14:22:11 - Image found at: ../../assets/uploads/products/1780549793_6a2108a1422fd.jpeg
2026-06-11 14:22:11 - Image found at: ../../assets/uploads/products/1780549867_6a2108eb9b7b0.jpeg
2026-06-11 14:22:11 - Image found at: ../../assets/uploads/products/1780549916_6a21091c8bfd1.jpeg
2026-06-11 14:22:11 - Image found at: ../../assets/uploads/products/1780550005_6a2109754664d.jpeg
2026-06-11 14:22:11 - Image found at: ../../assets/uploads/products/1780609524_6a21f1f4bec24.jpeg
2026-06-11 14:22:11 - Image found at: ../../assets/uploads/products/1780609600_6a21f2402c79b.jpeg
2026-06-11 14:22:11 - Returning 7 products
2026-06-11 14:22:52 - === New search request ===
2026-06-11 14:22:52 - Temp file saved: ../../temp/6a2aa89c24cd7_1781180572_OIP (5).webp
2026-06-11 14:22:52 - Uploading to ImgBB...
2026-06-11 14:22:55 - Image uploaded to: https://i.ibb.co/K1R57XS/8c4bb20bb069.webp
2026-06-11 14:22:55 - Calling SerpApi Google Lens...
2026-06-11 14:23:09 - SerpApi response received
2026-06-11 14:23:09 - Found 59 visual matches
2026-06-11 14:23:09 - Search terms: HP 17 17.3" Touchscreen HD+ Laptop Computer, Intel Pentium ..., HP Pavilion 17-ar050wm Laptop 17.3" FHD IPS ... - Amazon.com, Amazon.com: 2017 HP Pavilion Business Flagship Laptop PC ..., Hp Pavilion 17 Inch Laptop, Amazon.com: HP Pavilion 15 15.6" IPS Touchscreen Full HD ..., HP Pavilion Laptop 15.6 Screen Intel Core i7 8GB Memory 1TB ..., Labtop Computer | eBay, HP Pavilion Touch 15.6" Intel Core i5 8GB RAM, 256GB SSD ..., HP Pavilion Laptop 15.6 Screen 8th Gen Intel Core i5 8GB ..., HP Pavilion Laptop Computer 15.6" FHD Intel Core i7 16 GB ..., Amazon.com: HP 2018 Pavilion 15.6" FHD Flagship Backlit ..., HP Pavilion 17-ar007ca 17.3" HD+ Notebook AMD A12-9720P 2.70 ..., HP Pavilion 17-ar050wm Laptop: Unleashing Performance and ..., HP NEW Envy 15t (Intel 5th Generation Core i7-5500U 2.4Ghz ..., HP Pavilion Laptop 15-eg0077nr - Intel Core i7 - 1165G7 / up ..., Mobile Advance | HP, Envy, hp envy, envy , hp laptop, 15 ..., HP Pavilion 15-CC195CL Laptop & Chromebook Review - Consumer ..., Solved: My laptop does not detect all the memory of my ..., Laptop HP Pavilion 15-inch Laptop Intel Core i5 8GB 500GB ..., Hp Pavilion 15-CC 15-inch (2018) - Core i5 - Gen 8 (U) - 8 ..., HP Pavilion 15-cc067cl, 15.6" FHD Laptop, Intel Core i7 ..., Do You Really Want a Touchscreen Laptop? | Glassen ..., Amazon.com: HP Pavilion 15-cc123cl HD Touchscreen Laptop i5 ..., HP Pavilion 15-c Series Help: Learn How to Fix It Yourself., HP Silver Iridium A12 15-cd040wm 15.6? Laptop ..., Replace the Front Speakers | HP ENVY 15-ae000, ah000 ..., HP 7265NGW I5-8350U 3.60GHz, 2017 HP Pavilion Business Flagship Laptop PC ... - Amazon.com, Hp Pavilion 17-AR050WM Manuals | ManualsLib, DESMONTAR NOTEBOOK HP PAVILION RT3290 - YouTube, HP Pavilion Touchscreen HD 15.6" Intel Core i5-7200U Laptop ..., HP Pavilion 15-CC123CL 15.6" Touchscreen Notebook, Silver ..., HP Pavilion 15-cc060wm 15.6" Touchscreen Notebook PC - Intel ..., HP Pavilion 15.6" Laptop Computer (7th Gen Intel Core i7 ..., HP ENVY 17.3" Touch Screen Laptop Intel Core i7 16GB Memory ..., How to Fix Can't Connect to this Network in Laptop Wi-Fi ..., HP 2018 Pavilion Refurbished Laptop at ₹ 13500 ..., Play Fortnite on One of These Surprisingly Decent Laptops ..., Refurbished HP Pavilion 15-cc076sa Core i7-7500U 16GB 256GB ..., HP Laptop – bold16, HP Pavilion 15-CC 15-inch (2018) - Core i5 - Gen 8 (U) - 8GB ..., HP Pavilion1 | GlobalTech, HP Pavilion 15 - i7-7500U · GeForce 940MX · 15.6”, Full HD ..., Sales, HP PAVILLION 15 LAPTOP SPACE GRAY 15.6 INCH Intel(R) Core(TM ..., Wholesale HP Pavilion 15-CC502ne 683237 CORE I7-7500U/16G ..., HP Pavilion 15-CC610MS 15.6" FHD Touch Laptop Intel Core ..., HP Laptop with SSD + HDD Storage at ₹ 25000 in New Delhi ..., Hp Pavilion Series Laptop at 70000.00 INR at Best Price in ..., Lease To Own Laptops by Various Brands on OwnMyStuff, HP Pavilion 15 c Series Parts | iFixit, 2019 Newest HP Pavilion 15 15.6" HD Touchscreen Business ..., Refurbished HP Pavilion 15-CC0XX Intel Pentium 4415U 4GB 1TB ..., HP Pavilion 15 (15-cc500, cc600, cc700) - Specs, Tests, and ..., HP Pavilion 15-CC561 Core™ i5-7200U 2.5GHz 1TB 8GB 15.6 ..., 2018 Hp Pavilion 15 6 Fhd Ips Touchscreen Wled Backlit ..., 13 avis sur PC Portable HP Pavilion 15-cc519nf 15.6" - PC ..., I3 HP Portable Laptop, 4 Gb, Screen Size: 15.6 Inch Price ..., Hp Laptop I3 8gb Ram 1tb Hdd 2gb Graphics HP Touchscreen ...
2026-06-11 14:23:10 - Found 1 products in database
2026-06-11 14:23:10 - Image found at: ../../assets/uploads/products/1780548841_6a2104e90866f.webp
2026-06-11 14:23:10 - Returning 1 products
2026-06-12 11:45:42 - === New search request ===
2026-06-12 11:45:42 - Temp file saved: ../../temp/6a2bd5467b102_1781257542_OIP (5).webp
2026-06-12 11:45:42 - Uploading to ImgBB...
2026-06-12 11:45:44 - Image uploaded to: https://i.ibb.co/K1R57XS/8c4bb20bb069.webp
2026-06-12 11:45:44 - Calling SerpApi Google Lens...
2026-06-12 11:45:47 - SerpApi response received
2026-06-12 11:45:47 - Found 59 visual matches
2026-06-12 11:45:47 - Search terms: HP 17 17.3" Touchscreen HD+ Laptop Computer, Intel Pentium ..., HP Pavilion 17-ar050wm Laptop 17.3" FHD IPS ... - Amazon.com, Amazon.com: 2017 HP Pavilion Business Flagship Laptop PC ..., Hp Pavilion 17 Inch Laptop, Amazon.com: HP Pavilion 15 15.6" IPS Touchscreen Full HD ..., Labtop Computer | eBay, HP Pavilion Laptop 15.6 Screen 8th Gen Intel Core i5 8GB ..., HP Pavilion Touch 15.6" Intel Core i5 8GB RAM, 256GB SSD ..., HP Laptops for Home - HP® Store US, Amazon.com: HP 2018 Pavilion 15.6" FHD Flagship Backlit ..., Hp Pavilion 15-CC 15-inch (2018) - Core i5 - Gen 8 (U) - 8 ..., HP Pavilion 15-CC195CL Laptop & Chromebook Review - Consumer ..., HP Envy 15t Repair Help: Learn How to Fix It Yourself., Remove and Replace the Fan | HP Pavilion 17-ar0xx | HP - YouTube, HP Pavilion Laptop 15-eg0077nr - Intel Core i7 - 1165G7 / up ..., HP Pavilion 15-cc067cl, 15.6" FHD Laptop, Intel Core i7 ..., Do You Really Want a Touchscreen Laptop? | Glassen ..., HP Pavilion 15-cc178cl 15.6" Laptop i7-8550U,8GB DDR4,2TB ..., Refurbished HP Pavilion 15-cd023na A10-9620P 8GB 1TB 15.6 ..., Solved: My laptop does not detect all the memory of my ..., HP Pavilion 15.6" Laptop Computer (7th Gen Intel Core i7 ..., 2017 HP Pavilion Business Flagship Laptop PC ... - Amazon.com, HP Pavilion 15   Specs  10th Generation laptop intel core i5 ..., HP Silver Iridium A12 15-cd040wm 15.6? Laptop ..., HP 7265NGW I5-8350U 3.60GHz, Replace the Display Bezel Trim and Hinge Covers | HP ENVY 15 ..., HP ENVY 17.3" Touch Screen Laptop Intel Core i7 16GB Memory ..., Amazon.com: HP Pavilion 15-cc123cl HD Touchscreen Laptop i5 ..., HP Pavilion Touchscreen HD 15.6" Intel Core i5-7200U Laptop ..., How to Fix Can't Connect to this Network in Laptop Wi-Fi ..., HP Pavilion 15-CC123CL 15.6" Touchscreen Notebook, Silver ..., HP Pavilion 15-cc102TX 2017 15.6-inch Laptop (8th Gen ..., Play Fortnite on One of These Surprisingly Decent Laptops ..., HP Pavilion 15-c Series Help: Learn How to Fix It Yourself., Amazon.com: HP Envy 17-inch Laptop, Intel Core i7-7500U ..., HP Pavilion 15-CC 15-inch (2018) - Core i5 - Gen 8 (U) - 8GB ..., HP Laptop – bold16, HP Pavilion1 | GlobalTech, HP 2018 Pavilion Refurbished Laptop at ₹ 13500 ..., Refurbished HP Pavilion 15-cc076sa Core i7-7500U 16GB 256GB ..., Sales, HP Pavilion 15 (15-cc000, cc100) - Specs, Tests, and Prices ..., HP Pavilion 15-CC610MS 15.6" FHD Touch Laptop Intel Core ..., Wholesale HP Pavilion 15-CC502ne 683237 CORE I7-7500U/16G ..., 2019 Newest HP Pavilion 15 15.6" HD Touchscreen Business ..., HP Laptop with SSD + HDD Storage at ₹ 25000 in New Delhi ..., Lease To Own Laptops by Various Brands on OwnMyStuff, HP Pavilion 15 (15-cc500, cc600, cc700) - Specs, Tests, and ..., Refurbished HP Pavilion 15-CC0XX Intel Pentium 4415U 4GB 1TB ..., HP Pavilion 15t (i5-8250U, 940MX, FHD) Laptop Review ..., HP Pavilion 15-CC561 Core™ i5-7200U 2.5GHz 1TB 8GB 15.6 ..., I3 HP Portable Laptop, 4 Gb, Screen Size: 15.6 Inch Price ..., Sell HP Laptops and IT Assets - We Buy Used IT Equipment, 2018 Hp Pavilion 15 6 Fhd Ips Touchscreen Wled Backlit ..., Hp Pavilion 17-AR050WM Manuals | ManualsLib, Notebook HP Pavilion 15-cd003nc (1VA20EA#BCM) stříbrný | DATART, HP Pavilion 15-CX0xx Series Pros and Cons | TechSpot, Hp Pavilion Series Laptop at 70000.00 INR at Best Price in ..., HP Pavilion 15-CC129TX (3CW23PA) Laptop (Core i5 8th Gen/8 ...
2026-06-12 11:45:48 - Found 3 products in database
2026-06-12 11:45:48 - Image found at: ../../assets/uploads/products/1781221136_6a2b4710d19be.jpg
2026-06-12 11:45:48 - Image found at: ../../assets/uploads/products/1781221233_6a2b4771e9b97.jpg
2026-06-12 11:45:48 - Image found at: ../../assets/uploads/products/1780548841_6a2104e90866f.webp
2026-06-12 11:45:48 - Returning 3 products
2026-06-12 11:46:10 - === New search request ===
2026-06-12 11:46:10 - Temp file saved: ../../temp/6a2bd5620e200_1781257570_download watch.webp
2026-06-12 11:46:10 - Uploading to ImgBB...
2026-06-12 11:46:11 - Image uploaded to: https://i.ibb.co/zvvsZxt/2ed5af9ab589.webp
2026-06-12 11:46:11 - Calling SerpApi Google Lens...
2026-06-12 11:46:17 - SerpApi response received
2026-06-12 11:46:17 - Found 59 visual matches
2026-06-12 11:46:17 - Search terms: 2021 new watch 24K gold men watch Square big dial European ..., 2023 Men's Watch - 24K Gold, Square Dial, Luxury Timepiece, Hff8d2a993f99412ab2ca616823005286Q.jpg_200x200.jpg, ساعات رجالية فاخرة جديدة مطلية بالذهب عيار 24 قيراط، بتصميم ..., Vintage Sunborn Gold Men's Watch, Black Dial, Crystal Detail ..., babla watches 2025: Luxury & Custom Options, OLEVS Gold Watches for Women Square Stainless Steel Chain ..., 1pc Men Gold Copper Strap Glamorous Water Resistant ..., TOPCH] Fashion Stainless Steel Casual Gold Watch For Women ..., SUNBORN Crystal Women's Watch Rectangle Day & Date Black ..., LADIES WOMENS INGOT WATCH COLLECTION WRISTWATCH CREDIT ..., 10K Gold Watch | Geneva H5 - Nugget Men's Watch | Medusa Jewelry, 10k Round Nugget Watch 8.5"- Watch - Golden Hand Jewellery, Buy VONDEX Luxury Analog Watch for Men with Stainless Steel ..., 10K Yellow Gold Geneve Classic Nugget Watch 26mm x 25mm ..., 24k Gold Watch China Trade,Buy China Direct From 24k Gold ..., Womens Fashion Starry Square Edge Luxury Swiss Gold Fashion ..., Pure For Men 24k Gold Gold Plated Stainless Steel Watch 2021 ..., 10K Gold Watch | Geneva F1 - Nugget Women's Watch ..., Longines Olympic 1984 Los Angeles Women Gold Bark Finish for ..., Having a hard time figuring out whether this watch is solid ..., Longines — Olympic Gold Medal Longines Olympic Los Angeles ..., Elgin Adult Male Analog Metal Bracelet Wristwatch Set in ..., Luxury Quartz Watch Roman Numerals Square Dial Band ..., SUNBORN Gold Men's Watch/crystal Rectangle Black Dial ..., Doha Watch Mart - Doha Watch Mart added a new photo., SUNBORN Men's Gold Nugget Dress Watch Black Rectangle Day ..., VISER Big Square Gold Gold Stone Analog Watch - For Men ..., Men's Natural Alaskan Gold Nugget and Diamond Watch with ..., Geneva | Accessories | Nwot Geneva Watch 7294 | Poshmark, 10k Gold Seiko Quartz Nugget Watch., SKMEI 2619 Triple Time Zone Watch | Global Travel Design, Elgin Men Watch 30 mm Wide Diameter , , New... | Depop, Audemars Piguet Royal Oak Quartz 6005BA | Ref. 6005BA ..., ❌ Vintage Elgin Mesh Watch. Diamond Markers. Quartz. FK 277 ..., Custom Logo Retro Design Luxury Square Bracelet Watch for ..., SOLD c1986 Nivada Lamont - Birth Year Watches, 14k Yellow Gold Mens Mens Squared Champagne Solid Nugget ..., 24K Gold Plated Ladies Watch - Korean Rhinestones Elegant ..., c1986 Nivada Lamont men's vintage watch with integrated ..., Cartier Santos-Inspired Luxury Watch Full Golden Iced Out ..., Buy Golden Watch (MGW14) - Pick Any One Online at Best Price ..., Watches — DeWitt's Diamond & Gold Exchange, Unisex Watch No Fade 24K Gold Plated Brass Women Men Gift ..., WOMENS GOLD PLATED CITIZEN QUARTZ Sveston SV4029G Watch From ..., Solid Gold or Gold Plated Steel? : r/Watches, 10K Gold Watch | Geneva H2 - Nugget Men's Watch | Medusa Jewelry, MENS WATCH RARE DOMINO QUARTZ 23K GOLD ELECTRO PLATED BAND ..., Lookworld Wristwatch 006 – Debbie Glitz, ADIMAX Men's Wrist Watches KSA | 30-75% OFF | Riyadh, Jeddah, 10K Yellow Gold Geneve Classic Nugget Watch 24mm x 24mm ..., Sunborn Mens Dress Crystal Watch Rectangle Black Dial Gold ..., Swistar Swiss quartz watch No 9570M 24k gold, Citizen 2500-R24331 Women's gold Tone Black Dial square ..., No fade 24K gold plated brass band new couple men's watch ..., LIEBIG Couple Watch Fashionable and Exquisite 3ATM ..., Men Stainless Steel Wristwatch 13 - Collection - Jumia Egypt, Mema Japan Quartz 22K Gold Electroplated Stainless Steel ...
2026-06-12 11:46:18 - Found 7 products in database
2026-06-12 11:46:18 - Image found at: ../../assets/uploads/products/1781220872_6a2b46085fcc8.webp
2026-06-12 11:46:18 - Image found at: ../../assets/uploads/products/1781220975_6a2b466fb9ce7.jpg
2026-06-12 11:46:18 - Image found at: ../../assets/uploads/products/1781221136_6a2b4710d19be.jpg
2026-06-12 11:46:18 - Image found at: ../../assets/uploads/products/1781221233_6a2b4771e9b97.jpg
2026-06-12 11:46:18 - Image found at: ../../assets/uploads/products/1781221299_6a2b47b3922ae.webp
2026-06-12 11:46:18 - Image found at: ../../assets/uploads/products/1781221365_6a2b47f58ca02.jpg
2026-06-12 11:46:18 - Image found at: ../../assets/uploads/products/1781221479_6a2b48679cf97.webp
2026-06-12 11:46:18 - Returning 7 products
2026-06-18 22:10:49 - === New search request ===
2026-06-18 22:10:49 - Temp file saved: ../../temp/6a3450c9b78e6_1781813449_channels4_profile.jpg
2026-06-18 22:10:49 - Uploading to ImgBB...
2026-06-18 22:10:51 - Image uploaded to: https://i.ibb.co/s9DCTTBn/673fd50839ef.jpg
2026-06-18 22:10:51 - Calling SerpApi Google Lens...
2026-06-18 22:10:57 - SerpApi response received
2026-06-18 22:10:57 - Found 60 visual matches
2026-06-18 22:10:57 - Search terms: Luxury clothing brand project for college : r/WillPatersonDesign, New Jethalal Inspired Shirts in stock✓ Shop at Marudhar ..., Ismlar_logosi Endi estafeta o'ynaymiz. Qaysi harf egalari ..., Muraqsh | Lahore, Discover Our Exclusive Range at Mrmourad, Moorish (@moorishdips) / Posts / X, Organic Rubber Hoses – Mahroshgroup Group – Delivering ..., Mohrazi Official | eBay Stores, Crema Para Cabello Maquesh Con Vitamina E, Keratina ..., LOGO DESIGN MAQUESH, Mohraya - Fashion On Lease (@MohrayaFashionOnLease) • Facebook, Mohamed: Personalized Name Sketchbook.Monogram Initial ..., MURASHE (@MurasheOfficial) / Posts / X, MABRUKE FASHIONS - Updated June 2026 - 434 N Indian Creek Dr ..., Poly lawn Co Ord Sets in Yale blue, floral white by Mashraqi ..., Mushq.pk (@mushqpk) | TikTok, Shop | Beauty Cosmetics, T.D. Jakes Enterprises Acquires Castiron to Launch Innovative ..., 1451 Wellington continues the story. Our founder, Sam ..., MarquisCARES | Marquis Management, Mushq Logo & Brand Assets (SVG, PNG and vector) - Brandfetch, Mauricio's, Nuha's Wardrobe, Moorish 2026 Company Profile: Valuation, Investors ..., Fashion | Marquis Brand, MourideApp - App on Amazon Appstore, Art - Nourachi Studios, ANTHEM OF OUR NAMES - YouTube, Home - NOURASH NUTRITION | Healthy Eating and Meal Prep, Manousheh, Mansoura® - Pastries | Gourmet Chocolates | Confections, Shop All | Marquise Hospitality | USA, About – Moury Wear, Our Garden - Picture of Mahrosah Restaurant and Sweets ..., Monarch Boston, Marquisa Dubai Men's No.1 EDP Spray 3.38 oz Fragrances ..., MoyaRuiz Cigars - Game on, Store - UpperRoom Entertainment, Gallery - Nouri International, Abhishek Maurya - Minimum amount inverstor help people and ..., Shalwar Kameez, Waistcoats & Prince Coats for Modern Men and ..., Anoush Wedding & Catering Blog | Best Wedding Venue ..., مشورة - Apps on Google Play, MOURASFE – Premium Jewelry, Moorish - 2026 Company Profile, Team, Competitors ..., Mourya Constructions Guntur Builders / Developers - Projects ..., MS Marquees | The Finest Dressed Marquees, Venues & Events, Home | My Website, Mouracuir - Shop, Client-Focused Real Estate Adviser | The Marquardt Group, Fundraiser for Bryon Cruz by Casey Uebelhack : Support Kamil ..., GLOBAL COMMITMENT TO THE RULE OF LAW, About Fouad Masri — Founder of Crescent Project, The Marquee on Main | | Crystal City , MO | myleaderpaper.com, Single Rocket Side Table, Custom Jewelry Design Process - Noush Jewelry, Work in Digital Outlets - Stacy D Fahrenthold, The Brand — MOGHRABI | Official Website, Original Pakistani Branded Suits | The Garment Street ..., Hair Vendors in Atlanta | Virgin Hair | Natural Hair Rocks ...
2026-06-18 22:10:58 - Found 11 products in database
2026-06-18 22:10:58 - Image found at: ../../assets/uploads/products/1780413814_6a1ef576b24f2.webp
2026-06-18 22:10:58 - Image found at: ../../assets/uploads/products/1780546795_6a20fceb50ac4.webp
2026-06-18 22:10:58 - Image found at: ../../assets/uploads/products/1780548688_6a2104504d910.webp
2026-06-18 22:10:58 - Image found at: ../../assets/uploads/products/1780548759_6a2104974ab0c.webp
2026-06-18 22:10:58 - Image found at: ../../assets/uploads/products/1780548841_6a2104e90866f.webp
2026-06-18 22:10:58 - Image found at: ../../assets/uploads/products/1780548932_6a2105449b491.webp
2026-06-18 22:10:58 - Image found at: ../../assets/uploads/products/1780548997_6a210585b2c5b.webp
2026-06-18 22:10:58 - Image found at: ../../assets/uploads/products/1780549107_6a2105f38e310.webp
2026-06-18 22:10:58 - Image found at: ../../assets/uploads/products/1781221136_6a2b4710d19be.jpg
2026-06-18 22:10:58 - Image found at: ../../assets/uploads/products/1781221233_6a2b4771e9b97.jpg
2026-06-18 22:10:58 - Image found at: ../../assets/uploads/products/1781221299_6a2b47b3922ae.webp
2026-06-18 22:10:58 - Returning 11 products
2026-07-02 12:44:14 - === New search request ===
2026-07-02 12:44:14 - Temp file saved: ../../temp/6a4640fe7357f_1782989054_1779360289_6a0ee22163fc4.jpeg
2026-07-02 12:44:14 - Uploading to ImgBB...
2026-07-02 12:44:17 - Image uploaded to: https://i.ibb.co/cKZkh1Qb/794b2c0a134d.jpg
2026-07-02 12:44:17 - Calling SerpApi Google Lens...
2026-07-02 12:44:35 - SerpApi response received
2026-07-02 12:44:35 - Found 60 visual matches
2026-07-02 12:44:35 - Search terms: Pazia set yaani Nzito 2 na less 1 Bei ni 38,000/= Pazia kwa ..., Shekinah store | Pazia full set Nzito 2 Less 1 Ni 40,000 ..., Generic Blue Velvet Curtains Set of 3 - 15m Each, Thermal, Generic Blue Heavy Velvet Curtains - Set of 3, 15m Each, MissMos home decor, Curtain velvet 1.5m ni 23,000 2m ni 28,000 2 velvet 1 lace ..., Curtains Design Ideas for Your Home | TikTok, Gold Velvet Window Curtains Set for sale - PHENOM CITY HOME ..., WISPET Navy Blue Sequin Backdrop Curtains 2 Panels 4FTx8FT ..., MTENDERE EAST//MAIN MTENDERE REAL ESTATE AND PROPERTIES (ZAMBIA), Chenille Blue Damask Curtains, Victorian Antique Gold ..., Velvet 10ft H x 52" W Drape/Backdrop Curtain Panel - Royal ..., Amazon.com: Deeprove Blue Sheer Curtains 63 Inch Length 2 ..., Navy Blue Gold Damask Blackout Window Curtain ..., NAOMBA REPOST YAKO Pazia za velvet nzito Mita 1.5 Bei ..., Navy Blue Victorian Drape - Luxury Damask Curtain - Etsy, Crushed Velvet Backdrop Curtain Navy Blue | eFavormart, Back Tab Curtains, 4-Panel Set Rod Pocket & Pinch Pleat ..., farbateks Lacivert Gold Varak Parlak Bağcıklı Opart Kumaş ..., Ethan Floral Lace Velvet Luxury Curtain - Navy Blue ..., Vintage Velvet Drapes, Sapphire Shimmer Royal Blue Metallic Glittering Curtains, 3pc Marble Velvet Curtains @Ksh 2,900 wholesale price Kenya ..., Velvet 16ft H x 52" W Drape/Backdrop Curtain Panel - Navy ..., BalsaCircle 8 feet x 8 feet Royal Blue Velvet Backdrop ..., Blue Mariposa Upholstered Custom Printed Linen Privacy ..., PAZIA PAZIA PAZIA CHIMBO LA PAZIA NI MOJA TU Prisca ..., Amazon.com : 10 x 10ft Navy Blue Backdrop Curtains with ..., Cordelia Navy Floral and Leaf Curtain Panel, Generic Blue Heavy Velvet Curtains - 2pcs 15m Each, ACHIM Bedford Front Tab Light Filtering Window Curtain Panel ..., 3pc Marble & Velvet Curtains. 2pc's Curtains(1.5M each ..., Karibuni sana mapazia Tz shiringi 35,000/#foryou #tanzania ..., sequin backdrop, Backdrop panel, Photo Backdrop Curtain ..., Buy Indigo blue block print window curtains - Blue Flowers ..., Luxury Ring top Plush Velvet Window Curtains, ASHLEY NEWAIR MENTENG - Updated 2026 Prices & Hotel Reviews ..., Art Deco Marble Curtains: Golden Blue Bohemian Living Room ..., Factory Direct New Arrival Eco-friendly Navy Blue Sequin ..., NAOMBA REPOST YAKO Pazia nzito zenye kuleta muonekano mzuri ..., Luxury Velvet Curtains Pakistan — Premium Turkish & Custom ..., Best price for Classic Heavy Velvet Curtains -3pcs, 1.5m ..., Metallic Foil Printed Damask Pattern Blackout Curtains ..., 1 silvery foil branch blackout curtain curtain - Temu, Hunter Green Velvet Curtains | Blackout & Energy Saving ..., 8x8 Satin Rosette Wedding Backdrop, Color: Dusty blue | Michaels, خرید و قیمت پرده مخمل کالیفرنیا طلاکوب (متری 550000تومان) از ..., Betheny Jacquard Curtain with Attached Valance – Glory Home ..., Five Queens Court Woodstock Indigo 2-pack Window Curtain Set ..., Stallion Decor Pvt Ltd in Lajpat Nagar 2,Delhi - Best Window ..., Buy Galaxy Home Decor 3 Piece Combination Curtains for Long ..., RT Designers Collection Cabana Two Pack Premium Grommet ..., Sparkle Life Gold Glitter Blue Velvet Blackout Curtain Drapes, Velvet 14ft H x 52" W Drape/Backdrop Curtain Panel - Royal ..., Printed Curtains – Milano Collections, Draperies - Chenille - Jane 2 - Brilliant Drapery Shop, Navy Asymmetrical Draped Stretch Metallic Lace Gown ..., مليونيره كوستي, Efavormart 20ft x 10ft Black Spandex Party Wedding Backdrop ..., Hotel supplies-
2026-07-02 12:44:36 - Found 15 products in database
2026-07-02 12:44:36 - Image found at: ../../assets/uploads/products/1780549697_6a21084173a28.jpeg
2026-07-02 12:44:36 - Image found at: ../../assets/uploads/products/1780549793_6a2108a1422fd.jpeg
2026-07-02 12:44:36 - Image found at: ../../assets/uploads/products/1780549867_6a2108eb9b7b0.jpeg
2026-07-02 12:44:36 - Image found at: ../../assets/uploads/products/1780549916_6a21091c8bfd1.jpeg
2026-07-02 12:44:36 - Image found at: ../../assets/uploads/products/1780550005_6a2109754664d.jpeg
2026-07-02 12:44:36 - Image found at: ../../assets/uploads/products/1780609524_6a21f1f4bec24.jpeg
2026-07-02 12:44:36 - Image found at: ../../assets/uploads/products/1780609600_6a21f2402c79b.jpeg
2026-07-02 12:44:36 - Image found at: ../../assets/uploads/products/1781221136_6a2b4710d19be.jpg
2026-07-02 12:44:36 - Image found at: ../../assets/uploads/products/1781221233_6a2b4771e9b97.jpg
2026-07-02 12:44:36 - Image found at: ../../assets/uploads/products/1782625615_6a40b54fdbc32.jpg
2026-07-02 12:44:36 - Image found at: ../../assets/uploads/products/1782625807_6a40b60f0c98f.jpg
2026-07-02 12:44:36 - Image found at: ../../assets/uploads/products/1782626150_6a40b766488b1.jpg
2026-07-02 12:44:36 - Image found at: ../../assets/uploads/products/1782626509_6a40b8cd5140d.jpg
2026-07-02 12:44:36 - Image found at: ../../assets/uploads/products/1782626558_6a40b8fe94870.jpg
2026-07-02 12:44:36 - Image found at: ../../assets/uploads/products/1782626615_6a40b937e2088.jpg
2026-07-02 12:44:36 - Returning 15 products
2026-07-02 14:26:53 - === New search request ===
2026-07-02 14:26:53 - Temp file saved: ../../temp/6a46590d6983f_1782995213.jpeg
2026-07-02 14:26:53 - Uploading to ImgBB...
2026-07-02 14:26:57 - Image uploaded to: https://i.ibb.co/cKZkh1Qb/794b2c0a134d.jpg
2026-07-02 14:26:57 - Calling SerpApi Google Lens...
2026-07-02 14:27:08 - SerpApi response received
2026-07-02 14:27:08 - Found 60 visual matches
2026-07-02 14:27:08 - Search terms: Pazia set yaani Nzito 2 na less 1 Bei ni 38,000/= Pazia kwa ..., Shekinah store | Pazia full set Nzito 2 Less 1 Ni 40,000 ..., Generic Blue Velvet Curtains Set of 3 - 15m Each, Thermal, Generic Blue Heavy Velvet Curtains - Set of 3, 15m Each, MissMos home decor
2026-07-02 14:27:08 - Returning 0 relevant products
2026-07-02 14:28:40 - === New search request ===
2026-07-02 14:28:40 - Temp file saved: ../../temp/6a4659784692d_1782995320_1779738065_6a14a5d1f3007.jpg
2026-07-02 14:28:40 - Uploading to ImgBB...
2026-07-02 14:28:42 - Image uploaded to: https://i.ibb.co/mV6TG6DQ/9cbba402ef0a.jpg
2026-07-02 14:28:42 - Calling SerpApi Google Lens...
2026-07-02 14:28:45 - SerpApi response received
2026-07-02 14:28:45 - Found 59 visual matches
2026-07-02 14:28:45 - Search terms: New&Sealed Apple iPhone 13 pro max 128/256GB Factory ..., Restored Apple iPhone 13 Pro Max - Carrier Unlocked - 256GB ..., Pre-Owned Apple iPhone 13 Pro Max - Carrier Unlocked - 128 ..., Amazon.com: Apple iPhone 13 Pro Max, 512GB, Sierra Blue - T ..., iPhone 13 Pro Sierra Blue 512GB (Unlocked) – Plug, iPhone 13 Pro - Mr Phone Pro, Apple iPhone 13 Pro Max 128GB 256GB Verizon AT&T T ..., Refurbished iPhone 13 Pro Max | Reebelo US, iPhones PEAKED here. And that Sierra Blue color hasn't been ..., Saving up to $230: Apple begins selling refurbished iPhone ..., iPhone 13 pro max broken screen replacement – FixBoxRepairStore, iPhone 13 Pro Max Unboxing and Initial Impressions! The MOST ..., Apple iPhone 13 Pro review: Still the best you can get ..., Apple iPhone 13 Pro Max Single SIM Smartphone 2021, 5G, A15 ..., Apple iPhone 13 Pro Max Unlocked – The Device Depot, What Is Correct Way to Charge an iPhone 13 Pro? Does Not Damage, Is the iPhone 13 Worth Buying? Our Review, iPhone 13 Pro 256GB - Sierra Blue - Unlocked | Back Market, BLUE iPhone 13 Pro Max Unboxing & Hands-On! - YouTube, Wholesale iPhone 13 ProBabaash USA, Pre-Owned Apple iPhone 13 Pro Max 5G GSM/CDMA Unlocked : Target, Apple Cell phone NG9J3LL/A, Apple iPhone 13 Pro - 1 TB - Sierra Blue (Unlocked) for sale ..., Apple iPhone 13 Pro Max smartphone review – Powerful, large ..., iPhone 13 Pro Max Sierra Blue 128GB (Unlocked) – Plug, Earthproven | Apple iPhone 13 Pro Max, Apple Refurbished Excellent iPhone 13 Pro Max A2484 (Fully ..., Apple iPhone 13 Pro Max - Features, Specs & Reviews | AT&T, iPhone 13 Pro Max Screen Replacement Display Fix, iPhone 13 Pro Unboxing, Hands-On & First Impressions ..., Apple iPhone 13 Pro Max 256GB Unlocked Fair Condition - All ..., Pre-Owned Apple iPhone 13 Pro Max 5G (256GB) GSM/CDMA ..., iPhone 13 Pro Max | Apple Wiki | Fandom, iPhone 13 vs iPhone 13 Pro - Which Should You Choose? - YouTube, iPhone 13 Pro Max (Unlocked) – ecobuyphone, iPhone 13 Pro Max - Fair, 6th and Ronan this evening, iPhone 13 Pro., iPhone 13 Pro Max in 2025 - YouTube, Apple - iPhone 13 Pro Max - Fully Unlocked, iPhone 15 Pro Max vs iPhone 13 Pro Max - Battery, Speed ..., Apple IPhone X Refurbished Unlocked Smartphone 3GB... From ..., Amazon.com: Apple iPhone 13 Pro, 1TB, Sierra Blue - Unlocked ..., iPhone 13 Pro Review: Better Than You Think! - YouTube, iPhone 13 Pro vs Samsung Galaxy S21 Plus | iMore, Original Apple iPhone 13 Pro Max - Genuine 5G Smartphone ..., Apple iPhone: The No.1 smartphone in the world in Q421, iphone13 pro max phone unlocked new Apple | Mercari, Sell iPhone 13 Pro | Quick UK Cash for your Old iPhones, Full Comparison between iPhone 13 Versions | 13 Mini - 13 ..., Sell Apple iPhone 13 Pro Max | Trade In iPhone 13 Pro Max, Phone New 13s 2021 Apple IPhone 13 Pro Max 512GB Unlocked ..., Apple iPhone 13 Pro Max: Prices, 1 Colors, Sizes, Features ..., Here are all the colors the Apple iPhone 13 Series is ..., Apple, Restored iPhone 13 Pro, 1TB Sierra Blue, Fully ..., Apple iPhone 13 Pro Max 6.7" 6GB RAM 512GB ROM 12MP ..., Apple iPhone 13 Pro Mx 128 GB 1GB RAM Silver 5G Apple A15 ..., Apple unveils iPhone 13 Pro and iPhone 13 Pro Max — more pro ..., Apple iPhone 13 Pro Max (6/256GB) Sierra Blue Refurbished ...
2026-07-02 14:28:45 - Found 10 products in database
2026-07-02 14:28:46 - Image found at: ../../assets/uploads/products/1780546795_6a20fceb50ac4.webp
2026-07-02 14:28:46 - Image found at: ../../assets/uploads/products/1780548688_6a2104504d910.webp
2026-07-02 14:28:46 - Image found at: ../../assets/uploads/products/1780548997_6a210585b2c5b.webp
2026-07-02 14:28:46 - Image found at: ../../assets/uploads/products/1780549107_6a2105f38e310.webp
2026-07-02 14:28:46 - Image found at: ../../assets/uploads/products/1781221136_6a2b4710d19be.jpg
2026-07-02 14:28:46 - Image found at: ../../assets/uploads/products/1781221233_6a2b4771e9b97.jpg
2026-07-02 14:28:46 - Image found at: ../../assets/uploads/products/1780548841_6a2104e90866f.webp
2026-07-02 14:28:46 - Image found at: ../../assets/uploads/products/1780413814_6a1ef576b24f2.webp
2026-07-02 14:28:46 - Image found at: ../../assets/uploads/products/1780548759_6a2104974ab0c.webp
2026-07-02 14:28:46 - Image found at: ../../assets/uploads/products/1780548932_6a2105449b491.webp
2026-07-02 14:28:46 - Returning 10 products
2026-07-02 14:29:20 - === New search request ===
2026-07-02 14:29:20 - Temp file saved: ../../temp/6a4659a027279_1782995360_1779272012_6a0d894c92245.jpg
2026-07-02 14:29:20 - Uploading to ImgBB...
2026-07-02 14:29:22 - Image uploaded to: https://i.ibb.co/F4RnHX8w/0f87662f54de.jpg
2026-07-02 14:29:22 - Calling SerpApi Google Lens...
2026-07-02 14:29:35 - SerpApi response received
2026-07-02 14:29:35 - Found 59 visual matches
2026-07-02 14:29:35 - Search terms: 206,000+ Jeans Isolated Stock Photos, Pictures & Royalty ..., Slim Fit Men Jeans at ₹ 600/piece in Varanasi | ID ..., Hemp Jeans, 206,000+ Blue Jeans Isolated Stock Photos, Pictures ..., Photos by artistnameyes (@artistnameyes) · May 16, 2026, 928,534 Jeans Stock Photos, High-Res Pictures, and Images ..., Photos from Arti Villa, Varanasi - Service Provider of Men Jeans, Skinny Tight Blue Jeans On White Background Stock Photo ..., BLUE JEANS | definition in the Cambridge English Dictionary, Celine × Hedi Slimane CELINE - FRANCOISE RAW DENIM JEANS ..., le_brouges, Women's Imogene + Willie Raw Denim Jeans Size 25r (30x31) | eBay, Photos from M.L.BARAD, Veraval Light blue jeans, Men's John Elliott + co Handmade in Los Angeles Selvedge Red ..., Dior Dior denim | Grailed, JN2522 | Bootcut 16 oz Selvedge – Schott N.Y.C., Red Tornado Tapered 14oz Selvedge Denim Jeans W28L32 Dark ..., Light Indigo Stretch Denim Jeans – StudioSuits, Martin | Original Raw Selvage – Raleigh Denim, A.P.C Raw Denim Jeans Etroit Court Womens - Etsy, Women's Ultra Stretch Skinny Jeans | UNIQLO US, IH-555S-18 - 18oz Vintage Selvedge Denim Super Slim Cut ..., 1109XXW - Slim Denim - – FULLCOUNT, Vintage Dead Stock 1960s USA 15oz Broken Twill Selvage Denim ..., A Selvedge Story | Shop Sid Mashburn, Vintage Mid-Aughts American Apparel Selvedge Denim Jeans ..., Dior Dior Homme Hedi Slimane KVA Raw Denim Jeans NWT Size 29 ..., Flint and Tinder Japanese Stretch Selvedge Denim - HB ..., Graham | Original Raw Selvage – Raleigh Denim, Cotton Trouser at ₹ 300/piece | सूती पतलून in ..., SPOKE Selvedge Denim - Rinse Wash Custom Fit Jeans - SPOKE, Texas Blue Stretch Stone Wash Whisker Jeans - Look #688 ..., American Denim Jeans – ORIGIN, LEVI STRAUSS Size 29 Blue Cotton Blend Slim Straight Five ..., FITTED UNDERGROUND - D13 Teal Kibata – City Workshop Men's ..., La-2W12D-2811 12oz Selvedge Slim fit, Men's Hemp Selvedge Denim Jeans – Premium Straight Fit ..., Redew Jeans: Premium Sustainable Denim – Aktiv, 902ZR-KAKBR "Secret Kabukimimi" 20oz Selvedge Denim - High ..., Buy NSXT 16oz "SEN" Natural Indigo Extreme Tapered Jeans for ..., JN2402 | Straight Cut 16 oz Selvedge – Schott N.Y.C., Fit 2 Slim Jeans - Ezra | rag & bone, Uniqlo Selvedge Regular Straight : r/rawdenim, Slim Jeans Blue | VERSACE US, TCB "ORANGE TAB 606" 13OZ SUPER SLIM JEANS – CULT ..., Ace Rivington Men's Athletic Taper Stretch Denim Jeans, Dark ..., Portola Classic Taper - 13oz Natural Rinsed Denim – Standard ..., Authentic Denim Wash Dean Jeans, Iron Heart 777s-18 Vintage Denim Jeans - Slim Tapered, Route 66 Skinny Jeans Youth Girls Size 14 S - Dark Wash ..., Uniqlo Selvedge Denim Redline Jeans 36 in. | Mercari, ALEXANDER RESIN RINSE JEANS – Roosevelt & Company, Everlane | Jeans | Everlane Womens Straight Leg Jeans ..., Selvdege jeans, raw and stone washed denim men | A.P.C., TF#200133 | Tat Fung Textile, Women's Denim blue Skinny High Jeans | H&M PH, Benzak Denim Developers】BDD-710N low tension 12oz RHT ..., Japan Blue 14.8oz J201 – Fade Update 150 Wears : r/Selvedge
2026-07-02 14:29:36 - Found 11 products in database
2026-07-02 14:29:36 - Image found at: ../../assets/uploads/products/1781221299_6a2b47b3922ae.webp
2026-07-02 14:29:36 - Image found at: ../../assets/uploads/products/1781221136_6a2b4710d19be.jpg
2026-07-02 14:29:36 - Image found at: ../../assets/uploads/products/1781221233_6a2b4771e9b97.jpg
2026-07-02 14:29:36 - Image found at: ../../assets/uploads/products/1780548759_6a2104974ab0c.webp
2026-07-02 14:29:36 - Image found at: ../../assets/uploads/products/1780548932_6a2105449b491.webp
2026-07-02 14:29:36 - Image found at: ../../assets/uploads/products/1782625615_6a40b54fdbc32.jpg
2026-07-02 14:29:36 - Image found at: ../../assets/uploads/products/1782625807_6a40b60f0c98f.jpg
2026-07-02 14:29:36 - Image found at: ../../assets/uploads/products/1782626150_6a40b766488b1.jpg
2026-07-02 14:29:36 - Image found at: ../../assets/uploads/products/1782626509_6a40b8cd5140d.jpg
2026-07-02 14:29:36 - Image found at: ../../assets/uploads/products/1782626558_6a40b8fe94870.jpg
2026-07-02 14:29:36 - Image found at: ../../assets/uploads/products/1782626615_6a40b937e2088.jpg
2026-07-02 14:29:36 - Returning 11 products
2026-07-02 14:36:22 - === New search request ===
2026-07-02 14:36:22 - Temp file saved: ../../temp/6a465b464f42f_1782995782.jpg
2026-07-02 14:36:22 - Uploading to ImgBB...
2026-07-02 14:36:23 - Image uploaded to: https://i.ibb.co/mV6TG6DQ/9cbba402ef0a.jpg
2026-07-02 14:36:23 - Calling SerpApi Google Lens...
2026-07-02 14:36:24 - SerpApi response received
2026-07-02 14:36:24 - Found 59 visual matches
2026-07-02 14:36:24 - Raw search terms: New&Sealed Apple iPhone 13 pro max 128/256GB Factory ..., Restored Apple iPhone 13 Pro Max - Carrier Unlocked - 256GB ..., Pre-Owned Apple iPhone 13 Pro Max - Carrier Unlocked - 128 ..., Amazon.com: Apple iPhone 13 Pro Max, 512GB, Sierra Blue - T ..., iPhone 13 Pro Sierra Blue 512GB – Plug, iPhone 13 Pro - Mr Phone Pro, Apple iPhone 13 Pro Max 128GB 256GB Verizon AT&T T ..., Refurbished iPhone 13 Pro Max, iPhones PEAKED here. And that Sierra Blue color hasn't been ..., Saving up to $230: Apple begins selling refurbished iPhone ..., iPhone 13 pro max broken screen replacement – FixBoxRepairStore, iPhone 13 Pro Max Unboxing and Initial Impressions! The MOST ..., Apple iPhone 13 Pro review: Still the best you can get ..., Apple iPhone 13 Pro Max Single SIM Smartphone 2021, 5G, A15 ..., Apple iPhone 13 Pro Max Unlocked – The Device Depot, What Is Correct Way to Charge an iPhone 13 Pro? Does Not Damage, Is the iPhone 13 Worth Buying? Our Review, iPhone 13 Pro 256GB - Sierra Blue - Unlocked, BLUE iPhone 13 Pro Max Unboxing & Hands-On! - YouTube, Wholesale iPhone 13 ProBabaash USA, Pre-Owned Apple iPhone 13 Pro Max 5G GSM/CDMA Unlocked : Target, Apple Cell phone NG9J3LL/A, Apple iPhone 13 Pro - 1 TB - Sierra Blue for sale ..., Apple iPhone 13 Pro Max smartphone review – Powerful, large ..., iPhone 13 Pro Max Sierra Blue 128GB – Plug, Earthproven, Apple Refurbished Excellent iPhone 13 Pro Max A2484 (Fully ..., Apple iPhone 13 Pro Max - Features, Specs & Reviews, iPhone 13 Pro Max Screen Replacement Display Fix, iPhone 13 Pro Unboxing, Hands-On & First Impressions ..., Apple iPhone 13 Pro Max 256GB Unlocked Fair Condition - All ..., Pre-Owned Apple iPhone 13 Pro Max 5G GSM/CDMA ..., iPhone 13 Pro Max, iPhone 13 vs iPhone 13 Pro - Which Should You Choose? - YouTube, iPhone 13 Pro Max – ecobuyphone, iPhone 13 Pro Max - Fair, 6th and Ronan this evening, iPhone 13 Pro., iPhone 13 Pro Max in 2025 - YouTube, Apple - iPhone 13 Pro Max - Fully Unlocked, iPhone 15 Pro Max vs iPhone 13 Pro Max - Battery, Speed ..., Apple IPhone X Refurbished Unlocked Smartphone 3GB... From ..., Amazon.com: Apple iPhone 13 Pro, 1TB, Sierra Blue - Unlocked ..., iPhone 13 Pro Review: Better Than You Think! - YouTube, iPhone 13 Pro vs Samsung Galaxy S21 Plus, Original Apple iPhone 13 Pro Max - Genuine 5G Smartphone ..., Apple iPhone: The No.1 smartphone in the world in Q421, iphone13 pro max phone unlocked new Apple, Sell iPhone 13 Pro, Full Comparison between iPhone 13 Versions, Sell Apple iPhone 13 Pro Max, Phone New 13s 2021 Apple IPhone 13 Pro Max 512GB Unlocked ..., Apple iPhone 13 Pro Max: Prices, 1 Colors, Sizes, Features ..., Here are all the colors the Apple iPhone 13 Series is ..., Apple, Restored iPhone 13 Pro, 1TB Sierra Blue, Fully ..., Apple iPhone 13 Pro Max 6.7" 6GB RAM 512GB ROM 12MP ..., Apple iPhone 13 Pro Mx 128 GB 1GB RAM Silver 5G Apple A15 ..., Apple unveils iPhone 13 Pro and iPhone 13 Pro Max — more pro ..., Apple iPhone 13 Pro Max Sierra Blue Refurbished ...
2026-07-02 14:36:24 - Filtered search terms: New&Sealed Apple iPhone 13 pro max 128/256GB Factory ..., Restored Apple iPhone 13 Pro Max - Carrier Unlocked - 256GB ..., Pre-Owned Apple iPhone 13 Pro Max - Carrier Unlocked - 128 ..., Amazon.com: Apple iPhone 13 Pro Max, 512GB, Sierra Blue - T ..., iPhone 13 Pro Sierra Blue 512GB – Plug, iPhone 13 Pro - Mr Phone Pro, Apple iPhone 13 Pro Max 128GB 256GB Verizon AT&T T ..., Refurbished iPhone 13 Pro Max, iPhones PEAKED here. And that Sierra Blue color hasn't been ..., Saving up to $230: Apple begins selling refurbished iPhone ..., iPhone 13 pro max broken screen replacement – FixBoxRepairStore, iPhone 13 Pro Max Unboxing and Initial Impressions! The MOST ..., Apple iPhone 13 Pro review: Still the best you can get ..., Apple iPhone 13 Pro Max Single SIM Smartphone 2021, 5G, A15 ..., Apple iPhone 13 Pro Max Unlocked – The Device Depot, What Is Correct Way to Charge an iPhone 13 Pro? Does Not Damage, Is the iPhone 13 Worth Buying? Our Review, iPhone 13 Pro 256GB - Sierra Blue - Unlocked, BLUE iPhone 13 Pro Max Unboxing & Hands-On! - YouTube, Wholesale iPhone 13 ProBabaash USA, Pre-Owned Apple iPhone 13 Pro Max 5G GSM/CDMA Unlocked : Target, Apple Cell phone NG9J3LL/A, Apple iPhone 13 Pro - 1 TB - Sierra Blue for sale ..., Apple iPhone 13 Pro Max smartphone review – Powerful, large ..., iPhone 13 Pro Max Sierra Blue 128GB – Plug, Earthproven, Apple Refurbished Excellent iPhone 13 Pro Max A2484 (Fully ..., Apple iPhone 13 Pro Max - Features, Specs & Reviews, iPhone 13 Pro Max Screen Replacement Display Fix, iPhone 13 Pro Unboxing, Hands-On & First Impressions ..., Apple iPhone 13 Pro Max 256GB Unlocked Fair Condition - All ..., Pre-Owned Apple iPhone 13 Pro Max 5G GSM/CDMA ..., iPhone 13 Pro Max, iPhone 13 vs iPhone 13 Pro - Which Should You Choose? - YouTube, iPhone 13 Pro Max – ecobuyphone, iPhone 13 Pro Max - Fair, 6th and Ronan this evening, iPhone 13 Pro., iPhone 13 Pro Max in 2025 - YouTube, Apple - iPhone 13 Pro Max - Fully Unlocked, iPhone 15 Pro Max vs iPhone 13 Pro Max - Battery, Speed ..., Apple IPhone X Refurbished Unlocked Smartphone 3GB... From ..., Amazon.com: Apple iPhone 13 Pro, 1TB, Sierra Blue - Unlocked ..., iPhone 13 Pro Review: Better Than You Think! - YouTube, iPhone 13 Pro vs Samsung Galaxy S21 Plus, Original Apple iPhone 13 Pro Max - Genuine 5G Smartphone ..., Apple iPhone: The No.1 smartphone in the world in Q421, iphone13 pro max phone unlocked new Apple, Sell iPhone 13 Pro, Full Comparison between iPhone 13 Versions, Sell Apple iPhone 13 Pro Max, Phone New 13s 2021 Apple IPhone 13 Pro Max 512GB Unlocked ..., Apple iPhone 13 Pro Max: Prices, 1 Colors, Sizes, Features ..., Here are all the colors the Apple iPhone 13 Series is ..., Apple, Restored iPhone 13 Pro, 1TB Sierra Blue, Fully ..., Apple iPhone 13 Pro Max 6.7" 6GB RAM 512GB ROM 12MP ..., Apple iPhone 13 Pro Mx 128 GB 1GB RAM Silver 5G Apple A15 ..., Apple unveils iPhone 13 Pro and iPhone 13 Pro Max — more pro ..., Apple iPhone 13 Pro Max Sierra Blue Refurbished ...
2026-07-02 14:36:24 - Executing strict search query
2026-07-02 14:36:24 - Found 0 products with relevance score > 20
2026-07-02 14:36:24 - After strict filtering: 0 products
2026-07-02 14:36:24 - No matching products found with strict criteria
2026-07-02 14:36:44 - === New search request ===
2026-07-02 14:36:44 - Temp file saved: ../../temp/6a465b5ce629b_1782995804.jpeg
2026-07-02 14:36:44 - Uploading to ImgBB...
2026-07-02 14:36:47 - Image uploaded to: https://i.ibb.co/cKZkh1Qb/794b2c0a134d.jpg
2026-07-02 14:36:47 - Calling SerpApi Google Lens...
2026-07-02 14:36:48 - SerpApi response received
2026-07-02 14:36:48 - Found 60 visual matches
2026-07-02 14:36:48 - Raw search terms: Pazia set yaani Nzito 2 na less 1 Bei ni 38,000/= Pazia kwa ..., Shekinah store, Generic Blue Velvet Curtains Set of 3 - 15m Each, Thermal, Generic Blue Heavy Velvet Curtains - Set of 3, 15m Each, MissMos home decor, Curtain velvet 1.5m ni 23,000 2m ni 28,000 2 velvet 1 lace ..., WISPET Navy Blue Sequin Backdrop Curtains 2 Panels 4FTx8FT ..., Gold Velvet Window Curtains Set for sale - PHENOM CITY HOME ..., MTENDERE EAST//MAIN MTENDERE REAL ESTATE AND PROPERTIES, Chenille Blue Damask Curtains, Victorian Antique Gold ..., Amazon.com: Deeprove Blue Sheer Curtains 63 Inch Length 2 ..., Velvet 10ft H x 52" W Drape/Backdrop Curtain Panel - Royal ..., Navy Blue Gold Damask Blackout Window Curtain ..., NAOMBA REPOST YAKO Pazia za velvet nzito Mita 1.5 Bei ..., Navy Blue Victorian Drape - Luxury Damask Curtain - Etsy, Crushed Velvet Backdrop Curtain Navy Blue, Back Tab Curtains, 4-Panel Set Rod Pocket & Pinch Pleat ..., farbateks Lacivert Gold Varak Parlak Bağcıklı Opart Kumaş ..., Ethan Floral Lace Velvet Luxury Curtain - Navy Blue ..., Vintage Velvet Drapes, 3pc Marble Velvet Curtains @Ksh 2,900 wholesale price Kenya ..., Sapphire Shimmer Royal Blue Metallic Glittering Curtains, Velvet 16ft H x 52" W Drape/Backdrop Curtain Panel - Navy ..., Royal Blue Velvet Curtains for Living Room & Bedroom ..., Blue Mariposa Upholstered Custom Printed Linen Privacy ..., Amazon.com : 10 x 10ft Navy Blue Backdrop Curtains with ..., PAZIA PAZIA PAZIA CHIMBO LA PAZIA NI MOJA TU Prisca ..., BalsaCircle 8 feet x 8 feet Royal Blue Velvet Backdrop ..., 3pc Marble & Velvet Curtains. 2pc's Curtains(1.5M each ..., Generic Blue Heavy Velvet Curtains - 2pcs 15m Each, Cordelia Navy Floral and Leaf Curtain Panel, RT Designers Collection RT Designer Collection Helena Halo ..., sequin backdrop, Backdrop panel, Photo Backdrop Curtain ..., Karibuni sana mapazia Tz shiringi 35,000/#foryou #tanzania ..., ACHIM Bedford Front Tab Light Filtering Window Curtain Panel ..., Buy Indigo blue block print window curtains - Blue Flowers ..., Luxury Ring top Plush Velvet Window Curtains, NAOMBA REPOST YAKO Pazia nzito zenye kuleta muonekano mzuri ..., ASHLEY NEWAIR MENTENG - Updated 2026 Prices & Hotel Reviews ..., Art Deco Marble Curtains: Golden Blue Bohemian Living Room ..., Best price for Classic Heavy Velvet Curtains -3pcs, 1.5m ..., Factory Direct New Arrival Eco-friendly Navy Blue Sequin ..., Metallic Foil Printed Damask Pattern Blackout Curtains ..., 1 silvery foil branch blackout curtain curtain - Temu, 8x8 Satin Rosette Wedding Backdrop, Color: Dusty blue, خرید و قیمت پرده مخمل کالیفرنیا طلاکوب از ..., Five Queens Court Woodstock Indigo 2-pack Window Curtain Set ..., Betheny Jacquard Curtain with Attached Valance – Glory Home ..., Stallion Decor Pvt Ltd in Lajpat Nagar 2,Delhi - Best Window ..., Rod Pocket Velvet Curtains, Buy Galaxy Home Decor 3 Piece Combination Curtains for Long ..., Sequin Table Runner 12"x108" Royal Blue, Elegant Royal Blue and Gold Backdrop Ideas for a Glamorous ..., Sparkle Life Gold Glitter Blue Velvet Blackout Curtain Drapes, Velvet 14ft H x 52" W Drape/Backdrop Curtain Panel - Royal ..., Printed Curtains – Milano Collections, Draperies - Chenille - Jane 2 - Brilliant Drapery Shop, Navy Asymmetrical Draped Stretch Metallic Lace Gown ..., Efavormart 20ft x 10ft Black Spandex Party Wedding Backdrop ..., Hotel supplies-
2026-07-02 14:36:48 - Filtered search terms: Pazia set yaani Nzito 2 na less 1 Bei ni 38,000/= Pazia kwa ..., Shekinah store, Generic Blue Velvet Curtains Set of 3 - 15m Each, Thermal, Generic Blue Heavy Velvet Curtains - Set of 3, 15m Each, MissMos home decor, Curtain velvet 1.5m ni 23,000 2m ni 28,000 2 velvet 1 lace ..., WISPET Navy Blue Sequin Backdrop Curtains 2 Panels 4FTx8FT ..., Gold Velvet Window Curtains Set for sale - PHENOM CITY HOME ..., MTENDERE EAST//MAIN MTENDERE REAL ESTATE AND PROPERTIES, Chenille Blue Damask Curtains, Victorian Antique Gold ..., Amazon.com: Deeprove Blue Sheer Curtains 63 Inch Length 2 ..., Velvet 10ft H x 52" W Drape/Backdrop Curtain Panel - Royal ..., Navy Blue Gold Damask Blackout Window Curtain ..., NAOMBA REPOST YAKO Pazia za velvet nzito Mita 1.5 Bei ..., Navy Blue Victorian Drape - Luxury Damask Curtain - Etsy, Crushed Velvet Backdrop Curtain Navy Blue, Back Tab Curtains, 4-Panel Set Rod Pocket & Pinch Pleat ..., farbateks Lacivert Gold Varak Parlak Bağcıklı Opart Kumaş ..., Ethan Floral Lace Velvet Luxury Curtain - Navy Blue ..., Vintage Velvet Drapes, 3pc Marble Velvet Curtains @Ksh 2,900 wholesale price Kenya ..., Sapphire Shimmer Royal Blue Metallic Glittering Curtains, Velvet 16ft H x 52" W Drape/Backdrop Curtain Panel - Navy ..., Royal Blue Velvet Curtains for Living Room & Bedroom ..., Blue Mariposa Upholstered Custom Printed Linen Privacy ..., Amazon.com : 10 x 10ft Navy Blue Backdrop Curtains with ..., PAZIA PAZIA PAZIA CHIMBO LA PAZIA NI MOJA TU Prisca ..., BalsaCircle 8 feet x 8 feet Royal Blue Velvet Backdrop ..., 3pc Marble & Velvet Curtains. 2pc's Curtains(1.5M each ..., Generic Blue Heavy Velvet Curtains - 2pcs 15m Each, Cordelia Navy Floral and Leaf Curtain Panel, RT Designers Collection RT Designer Collection Helena Halo ..., sequin backdrop, Backdrop panel, Photo Backdrop Curtain ..., Karibuni sana mapazia Tz shiringi 35,000/#foryou #tanzania ..., ACHIM Bedford Front Tab Light Filtering Window Curtain Panel ..., Buy Indigo blue block print window curtains - Blue Flowers ..., Luxury Ring top Plush Velvet Window Curtains, NAOMBA REPOST YAKO Pazia nzito zenye kuleta muonekano mzuri ..., ASHLEY NEWAIR MENTENG - Updated 2026 Prices & Hotel Reviews ..., Art Deco Marble Curtains: Golden Blue Bohemian Living Room ..., Best price for Classic Heavy Velvet Curtains -3pcs, 1.5m ..., Factory Direct New Arrival Eco-friendly Navy Blue Sequin ..., Metallic Foil Printed Damask Pattern Blackout Curtains ..., 1 silvery foil branch blackout curtain curtain - Temu, 8x8 Satin Rosette Wedding Backdrop, Color: Dusty blue, خرید و قیمت پرده مخمل کالیفرنیا طلاکوب از ..., Five Queens Court Woodstock Indigo 2-pack Window Curtain Set ..., Betheny Jacquard Curtain with Attached Valance – Glory Home ..., Stallion Decor Pvt Ltd in Lajpat Nagar 2,Delhi - Best Window ..., Rod Pocket Velvet Curtains, Buy Galaxy Home Decor 3 Piece Combination Curtains for Long ..., Sequin Table Runner 12"x108" Royal Blue, Elegant Royal Blue and Gold Backdrop Ideas for a Glamorous ..., Sparkle Life Gold Glitter Blue Velvet Blackout Curtain Drapes, Velvet 14ft H x 52" W Drape/Backdrop Curtain Panel - Royal ..., Printed Curtains – Milano Collections, Draperies - Chenille - Jane 2 - Brilliant Drapery Shop, Navy Asymmetrical Draped Stretch Metallic Lace Gown ..., Efavormart 20ft x 10ft Black Spandex Party Wedding Backdrop ..., Hotel supplies-
2026-07-02 14:36:48 - Executing strict search query
2026-07-02 14:36:48 - Found 0 products with relevance score > 20
2026-07-02 14:36:48 - After strict filtering: 0 products
2026-07-02 14:36:48 - No matching products found with strict criteria
2026-07-02 14:38:35 - === New search request ===
2026-07-02 14:38:35 - Temp file saved: ../../temp/6a465bcbea23e_1782995915.webp
2026-07-02 14:38:35 - Uploading to ImgBB...
2026-07-02 14:38:38 - Image uploaded to: https://i.ibb.co/XrNxZg2F/f050e7c71085.webp
2026-07-02 14:38:38 - Calling SerpApi Google Lens...
2026-07-02 14:38:43 - SerpApi response received
2026-07-02 14:38:43 - Found 59 visual matches
2026-07-02 14:38:43 - Raw search terms: Samsung Galaxy S10+ G975U S10 Plus 6.4" 8GB RAM ..., Samsung Galaxy S10 original with long lasting battery fresh ..., Samsung Galaxy S10+ Plus 512GB Unlocked Verizon T-Mobile ..., When Was The Samsung Galaxy S10 Plus Released, Amazon.com: Samsung Galaxy S10, 128GB, Prism Blue - Unlocked ..., Amazon.com: J.west Galaxy S10 Plus Case, Luxury Sparkle ..., Samsung Galaxy S10e Back Glass OEM Replacement Battery Door ..., Original Samsung Galaxy S10 Plus G975U 1TB Fully ..., Samsung Pre Owned Galaxy S10+ 4G LTE 128GB Prism ..., Review, Samsung Galaxy S10e Review: Features and Performance, Specifications, Samsung Galaxy Best Mobile For Youtubers Best Samsung Galaxy ..., Samsung Galaxy S10+ 128GB/512GB/1TB Unlocked Cell (SM-G975U1 ..., Samsung Galaxy S10E 128gb Unlocked, Special Offers for Sale ..., Samsung S10 plus At only 390000. Call 0701533721, Samsung Galaxy S10+ PLUS Back Glass OEM Replacement ..., Samsung Galaxy S10e Is the Best New Galaxy Phone for Most ..., Samsung Galaxy S10+ – 6.4” Quad HD+ Display, Dual Selfie ..., Liberty Logo Clear Samsung® Phone Case – Girls with Guns ..., 10 Reasons to Buy the S10e in 2026 and 3 Reasons NOT To ..., Samsung Galaxy S10 - UNLOCKED - Like New for ..., Samsung Galaxy S10e, S10 & S10+, Samsung s10e 6gb 128gb Price-12500/-, Samsung Galaxy S10e SM-G970U 128GB Verizon 5.8" GSM+CDMA/4G ..., Here's A First Look At Samsung's New Galaxy S10 Series That ..., APA Style Clear Case for Samsung® – APA Merch Store, Amazon.com: Samsung Galaxy S10+ Plus SM-G975F/DS, 4G LTE ..., Samsung Galaxy S10+ Plus 128GB Unlocked 4G LTE 6.4 ..., There Are Too Many Galaxy S10s - YouTube, Clear Case for Samsung® – Fremont Music, Original Samsung Galaxy S10+ Plus SM-G975U 128GB Unlocked ..., Ighomall - Product Details, The Samsung Galaxy S10 range. All you need to know ..., Samsung Galaxy S10 Plus 128GB, Black - Walmart.com, Refurbished Galaxy S10+, Samsung Galaxy S10 Plus 128 GB Black for sale - Shaphil ..., Samsung Galaxy S10 Plus Very Good Condition ..., Samsung S8+ 5G 256GB PTA Approved — Brand New Rs13,999, Samsung Galaxy S10 - UNLOCKED - Like New for Sale in San ..., Fresh view of my old Samsung S10E with new transparent back ..., S10 Price In Samsung Galaxy S10e Silver Samsung Galaxy S10e ..., SAMSUNG S10 PLUS AVAILABLE PRICE: $30,000 STORAGE 128GB CASE ..., Galaxy S10e Price Guide: What to Pay in Brazil, Amazon.com: Custom Phone Case for Samsung Galaxy S10e ..., Samsung Galaxy S10e Prism Black White 128GB Unlocked Verizon ..., Samsung Galaxy S10 Plus "Real Review" - YouTube, GALLERIA WIRELESS - Updated June 2026 - 80 Photos - 11076 ..., Samsung refutes 6GB Galaxy S10 rumors: All Galaxy S10 and ..., Samsung Electronics Officially Launches Galaxy S10 in Global ..., How to Replace Samsung Galaxy S10e's Earpiece and Vibration ..., Finally graduated from my S8 to the s10e. Got the 256/ 8gb ..., Samsung Galaxy S10, Galaxy S10e - Product Guide, Specs, Prices, and More - Swappa, Samsung S10 128GB 8GB RAM — Month End Sale $23,000, Samsung Galaxy S10 Plus 128 GB Blue - Discount Points ..., Restored Samsung Galaxy S10+ S10 Plus SM-G975U 128GB Fully ..., Is the ceramic Galaxy S10+ worth it?, Samsung Galaxy S10e - Used and Refurbished - Swappa
2026-07-02 14:38:43 - Filtered search terms: Samsung Galaxy S10+ G975U S10 Plus 6.4" 8GB RAM ..., Samsung Galaxy S10 original with long lasting battery fresh ..., Samsung Galaxy S10+ Plus 512GB Unlocked Verizon T-Mobile ..., When Was The Samsung Galaxy S10 Plus Released, Amazon.com: Samsung Galaxy S10, 128GB, Prism Blue - Unlocked ..., Amazon.com: J.west Galaxy S10 Plus Case, Luxury Sparkle ..., Samsung Galaxy S10e Back Glass OEM Replacement Battery Door ..., Original Samsung Galaxy S10 Plus G975U 1TB Fully ..., Samsung Pre Owned Galaxy S10+ 4G LTE 128GB Prism ..., Review, Samsung Galaxy S10e Review: Features and Performance, Specifications, Samsung Galaxy Best Mobile For Youtubers Best Samsung Galaxy ..., Samsung Galaxy S10+ 128GB/512GB/1TB Unlocked Cell (SM-G975U1 ..., Samsung Galaxy S10E 128gb Unlocked, Special Offers for Sale ..., Samsung S10 plus At only 390000. Call 0701533721, Samsung Galaxy S10+ PLUS Back Glass OEM Replacement ..., Samsung Galaxy S10e Is the Best New Galaxy Phone for Most ..., Samsung Galaxy S10+ – 6.4” Quad HD+ Display, Dual Selfie ..., Liberty Logo Clear Samsung® Phone Case – Girls with Guns ..., 10 Reasons to Buy the S10e in 2026 and 3 Reasons NOT To ..., Samsung Galaxy S10 - UNLOCKED - Like New for ..., Samsung Galaxy S10e, S10 & S10+, Samsung s10e 6gb 128gb Price-12500/-, Samsung Galaxy S10e SM-G970U 128GB Verizon 5.8" GSM+CDMA/4G ..., Here's A First Look At Samsung's New Galaxy S10 Series That ..., APA Style Clear Case for Samsung® – APA Merch Store, Amazon.com: Samsung Galaxy S10+ Plus SM-G975F/DS, 4G LTE ..., Samsung Galaxy S10+ Plus 128GB Unlocked 4G LTE 6.4 ..., There Are Too Many Galaxy S10s - YouTube, Clear Case for Samsung® – Fremont Music, Original Samsung Galaxy S10+ Plus SM-G975U 128GB Unlocked ..., Ighomall - Product Details, The Samsung Galaxy S10 range. All you need to know ..., Samsung Galaxy S10 Plus 128GB, Black - Walmart.com, Refurbished Galaxy S10+, Samsung Galaxy S10 Plus 128 GB Black for sale - Shaphil ..., Samsung Galaxy S10 Plus Very Good Condition ..., Samsung S8+ 5G 256GB PTA Approved — Brand New Rs13,999, Samsung Galaxy S10 - UNLOCKED - Like New for Sale in San ..., Fresh view of my old Samsung S10E with new transparent back ..., S10 Price In Samsung Galaxy S10e Silver Samsung Galaxy S10e ..., SAMSUNG S10 PLUS AVAILABLE PRICE: $30,000 STORAGE 128GB CASE ..., Galaxy S10e Price Guide: What to Pay in Brazil, Amazon.com: Custom Phone Case for Samsung Galaxy S10e ..., Samsung Galaxy S10e Prism Black White 128GB Unlocked Verizon ..., Samsung Galaxy S10 Plus "Real Review" - YouTube, GALLERIA WIRELESS - Updated June 2026 - 80 Photos - 11076 ..., Samsung refutes 6GB Galaxy S10 rumors: All Galaxy S10 and ..., Samsung Electronics Officially Launches Galaxy S10 in Global ..., How to Replace Samsung Galaxy S10e's Earpiece and Vibration ..., Finally graduated from my S8 to the s10e. Got the 256/ 8gb ..., Samsung Galaxy S10, Galaxy S10e - Product Guide, Specs, Prices, and More - Swappa, Samsung S10 128GB 8GB RAM — Month End Sale $23,000, Samsung Galaxy S10 Plus 128 GB Blue - Discount Points ..., Restored Samsung Galaxy S10+ S10 Plus SM-G975U 128GB Fully ..., Is the ceramic Galaxy S10+ worth it?, Samsung Galaxy S10e - Used and Refurbished - Swappa
2026-07-02 14:38:43 - Executing strict search query
2026-07-02 14:38:43 - Found 0 products with relevance score > 20
2026-07-02 14:38:43 - After strict filtering: 0 products
2026-07-02 14:38:43 - No matching products found with strict criteria
2026-07-02 14:39:25 - === New search request ===
2026-07-02 14:39:25 - Temp file saved: ../../temp/6a465bfd55826_1782995965.jpeg
2026-07-02 14:39:25 - Uploading to ImgBB...
2026-07-02 14:39:27 - Image uploaded to: https://i.ibb.co/jP1P2wwV/1be2fd62ce49.jpg
2026-07-02 14:39:27 - Calling SerpApi Google Lens...
2026-07-02 14:39:37 - SerpApi response received
2026-07-02 14:39:37 - Found 60 visual matches
2026-07-02 14:39:37 - Search terms: Pazia set yaani Nzito 2 na less 1 Bei ni 38,000/= Pazia kwa ..., NAPOST PAZIA CHAMBUU PAZIA ZA 🔥🔥🔥🔥 PAZIA QUALITY SET ..., MTENDERE EAST//MAIN MTENDERE REAL ESTATE AND PROPERTIES, Set ya mapazia 45,000/=rejareja Shukabox shuka 2 foronya 4 ..., DANADESK 1 PC Red Window Drapes ... - Amazon.com, NAOMBA REPOST YAKO Pazia za velvet nzito Mita 1.5 Bei ..., Tupo wazi maduka yetu yote dar and Arusha 📍Arusha karibu na ..., Explore 2025 Trendy Curtain Designs for Your Home | TikTok, Pazia set 45000 Nzito 2 moja less nyeupe 0782257996 Delivery ..., Golden Brown Grace - ainycenter.com, Generic Gold Foil printed luxurious 100% blackout, Luxury Curtain Designs That Transform Your Living Room ..., Generic Blackout Marble Maroon curtains-3PCs Set curtains, Awais Parda | TikTok, OFFER OFFER !!!! Pazia set new prices M1.5 40000 Yan ..., Nivemeshome Pırlanta Tül Perde 1 3 Sık Pile,Beyaz 100 X 270 ..., 2x8ft pack 2 black sequin backdrop curtain silver sparkle - Temu, Red gold lace costom luxury window velvet cloth blackout ..., Распродажа штор Готовые комплекты Комплект тюль Теневые ..., Cortina de tul rombos blanco de pelo frecuente 1/3 comprar a ..., Luxurious Turkish Sheer Curtains - Elevate Your Home Decor, Luxurious Red and Gold Velvet Textured Decorative Curtains ..., Luxury Living Room Curtains - Darkening & Noise Reduction, Burgundy Gold Curtains: Shiny Luxury Drape, Custom Size ..., Ethan American Spliced Luxury Velvet Curtains: Red-Beige ..., Mashingo Homestay Guest House - Deals ..., 1pc French Countryside Floral Lace Trim Curtain Sheer For ..., luxury embroidery wedding red festive living room cloth ..., Gold Velvet Window Curtains Set for sale - PHENOM CITY HOME ..., Generic 3pcs Marble Velvet Curtains comes as 2 curtains, window curtain - Oman, Shekinah store | Pazia full set Nzito 2 Less 1 Ni 40,000 ..., Amidoudou 1 Pair European Double Layer Curtains with Valance ..., سرتختی و پرده دوزی نثار احمد احمدی‎ is with Faridoon Safi., Victorian Two-tone Burgundy Cream Curtains With Gold Trim ..., 4132 Manzanita Ave #900 Carmichael CA 95608 | TikTok, Amazon.com: Amidoudou 1 Pair European Luxury Embroidered ..., Angel Jacquard Victorian Damask Curtain - Custom Curtains ..., Фотоотчёт #Довольныеклиенты#бархат#шторы#гардины#занавески ..., Floral Lace Window Curtain Panel 58 Inch Wide - Burgundy ..., Shiny Coffee Stripe Sequin on Plum Stretch Mesh Fabric - OneYard, European Red Blackout Curtain Golden Embroidery Hollow ..., Burgundy Sequin Tablecloths 72"x72" Wholesale – Wedding ..., Set ya pazia za velvet ni 40,000 Tunapatikana Mabibo NIT ..., Valerie Jacquard Curtain Panel Pair | Ashley, Latest Decorative Luxury Curtains Turkey Fabric Blackout ..., pərdə salonu Sederek, pazia nzito – Pazia Shop Tanzania, modern festive wedding room solid red velvet thick cloth ..., Velvet 10ft H x 52" W Drape/Backdrop Curtain Panel ..., burgundy sequin backdrop curtains 4 8 panels 2ft x 8ft - Temu, The stylish design of the window opening. Combined brown ..., Gallery — Baramdaa Events, Shiny Burgundy Sequin Stripe Pattern Stretch Fabric - OneYard, Top Quality Velvet Curtain in 6 Gorgeous Colours - Voil Centre, 5 Ways to Layer Curtains with One Rod - Enthralling Gumption, Комплекты штор и портьер шторы с любовью купить на OZON по ..., ujanjakuwahi Mita 1.5-Tsh 32,000 Mita 2-Tsh 36,000 Set nzima ...
2026-07-02 14:39:37 - Searching database with 879 conditions
2026-07-02 14:39:37 - Found 26 products before filtering
2026-07-02 14:39:37 - After filtering: 26 products with score >= 5
2026-07-02 14:39:37 - Returning 26 products
2026-07-02 14:40:04 - === New search request ===
2026-07-02 14:40:04 - Temp file saved: ../../temp/6a465c2410365_1782996004.jpg
2026-07-02 14:40:04 - Uploading to ImgBB...
2026-07-02 14:40:05 - Image uploaded to: https://i.ibb.co/F4RnHX8w/0f87662f54de.jpg
2026-07-02 14:40:05 - Calling SerpApi Google Lens...
2026-07-02 14:40:06 - SerpApi response received
2026-07-02 14:40:06 - Found 59 visual matches
2026-07-02 14:40:06 - Search terms: 206,000+ Jeans Isolated Stock Photos, Pictures & Royalty ..., Slim Fit Men Jeans at ₹ 600/piece in Varanasi | ID ..., Hemp Jeans, 206,000+ Blue Jeans Isolated Stock Photos, Pictures ..., Photos by artistnameyes · May 16, 2026, 928,534 Jeans Stock Photos, High-Res Pictures, and Images ..., Photos from Arti Villa, Varanasi - Service Provider of Men Jeans, Skinny Tight Blue Jeans On White Background Stock Photo ..., BLUE JEANS | definition in the Cambridge English Dictionary, Celine × Hedi Slimane CELINE - FRANCOISE RAW DENIM JEANS ..., le_brouges, Women's Imogene + Willie Raw Denim Jeans Size 25r | eBay, Photos from M.L.BARAD, Veraval Light blue jeans, Men's John Elliott + co Handmade in Los Angeles Selvedge Red ..., Dior Dior denim | Grailed, JN2522 | Bootcut 16 oz Selvedge – Schott N.Y.C., Red Tornado Tapered 14oz Selvedge Denim Jeans W28L32 Dark ..., Light Indigo Stretch Denim Jeans – StudioSuits, Martin | Original Raw Selvage – Raleigh Denim, A.P.C Raw Denim Jeans Etroit Court Womens - Etsy, Women's Ultra Stretch Skinny Jeans | UNIQLO US, IH-555S-18 - 18oz Vintage Selvedge Denim Super Slim Cut ..., 1109XXW - Slim Denim - – FULLCOUNT, Vintage Dead Stock 1960s USA 15oz Broken Twill Selvage Denim ..., A Selvedge Story | Shop Sid Mashburn, Vintage Mid-Aughts American Apparel Selvedge Denim Jeans ..., Dior Dior Homme Hedi Slimane KVA Raw Denim Jeans NWT Size 29 ..., Flint and Tinder Japanese Stretch Selvedge Denim - HB ..., Graham | Original Raw Selvage – Raleigh Denim, Cotton Trouser at ₹ 300/piece | सूती पतलून in ..., SPOKE Selvedge Denim - Rinse Wash Custom Fit Jeans - SPOKE, Texas Blue Stretch Stone Wash Whisker Jeans - Look #688 ..., American Denim Jeans – ORIGIN, LEVI STRAUSS Size 29 Blue Cotton Blend Slim Straight Five ..., FITTED UNDERGROUND - D13 Teal Kibata – City Workshop Men's ..., La-2W12D-2811 12oz Selvedge Slim fit, Men's Hemp Selvedge Denim Jeans – Premium Straight Fit ..., Redew Jeans: Premium Sustainable Denim – Aktiv, 902ZR-KAKBR "Secret Kabukimimi" 20oz Selvedge Denim - High ..., Buy NSXT 16oz "SEN" Natural Indigo Extreme Tapered Jeans for ..., JN2402 | Straight Cut 16 oz Selvedge – Schott N.Y.C., Fit 2 Slim Jeans - Ezra | rag & bone, Uniqlo Selvedge Regular Straight : r/rawdenim, Slim Jeans Blue | VERSACE US, TCB "ORANGE TAB 606" 13OZ SUPER SLIM JEANS – CULT ..., Ace Rivington Men's Athletic Taper Stretch Denim Jeans, Dark ..., Portola Classic Taper - 13oz Natural Rinsed Denim – Standard ..., Authentic Denim Wash Dean Jeans, Iron Heart 777s-18 Vintage Denim Jeans - Slim Tapered, Route 66 Skinny Jeans Youth Girls Size 14 S - Dark Wash ..., Uniqlo Selvedge Denim Redline Jeans 36 in. | Mercari, ALEXANDER RESIN RINSE JEANS – Roosevelt & Company, Everlane | Jeans | Everlane Womens Straight Leg Jeans ..., Selvdege jeans, raw and stone washed denim men | A.P.C., TF#200133 | Tat Fung Textile, Women's Denim blue Skinny High Jeans | H&M PH, Benzak Denim Developers】BDD-710N low tension 12oz RHT ..., Japan Blue 14.8oz J201 – Fade Update 150 Wears : r/Selvedge
2026-07-02 14:40:06 - Searching database with 726 conditions
2026-07-02 14:40:06 - Found 18 products before filtering
2026-07-02 14:40:06 - After filtering: 18 products with score >= 5
2026-07-02 14:40:06 - Returning 18 products
2026-07-02 14:52:40 - === New search request ===
2026-07-02 14:52:40 - Temp file saved: ../../temp/6a465f186fc6b_1782996760_1779360289_6a0ee22163fc4.jpeg
2026-07-02 14:52:40 - Uploading to ImgBB...
2026-07-02 14:52:42 - Image uploaded to: https://i.ibb.co/cKZkh1Qb/794b2c0a134d.jpg
2026-07-02 14:52:42 - Calling SerpApi Google Lens...
2026-07-02 14:52:43 - SerpApi response received
2026-07-02 14:52:43 - Found 60 visual matches
2026-07-02 14:52:43 - Search terms: Pazia set yaani Nzito 2 na less 1 Bei ni 38,000/= Pazia kwa ..., Shekinah store | Pazia full set Nzito 2 Less 1 Ni 40,000 ..., Generic Blue Velvet Curtains Set of 3 - 15m Each, Thermal, Generic Blue Heavy Velvet Curtains - Set of 3, 15m Each, MissMos home decor, Curtain velvet 1.5m ni 23,000 2m ni 28,000 2 velvet 1 lace ..., WISPET Navy Blue Sequin Backdrop Curtains 2 Panels 4FTx8FT ..., Gold Velvet Window Curtains Set for sale - PHENOM CITY HOME ..., MTENDERE EAST//MAIN MTENDERE REAL ESTATE AND PROPERTIES (ZAMBIA), Chenille Blue Damask Curtains, Victorian Antique Gold ..., Amazon.com: Deeprove Blue Sheer Curtains 63 Inch Length 2 ..., Velvet 10ft H x 52" W Drape/Backdrop Curtain Panel - Royal ..., Navy Blue Gold Damask Blackout Window Curtain ..., NAOMBA REPOST YAKO Pazia za velvet nzito Mita 1.5 Bei ..., Navy Blue Victorian Drape - Luxury Damask Curtain - Etsy, Crushed Velvet Backdrop Curtain Navy Blue | eFavormart, Back Tab Curtains, 4-Panel Set Rod Pocket & Pinch Pleat ..., farbateks Lacivert Gold Varak Parlak Bağcıklı Opart Kumaş ..., Ethan Floral Lace Velvet Luxury Curtain - Navy Blue ..., Vintage Velvet Drapes, 3pc Marble Velvet Curtains @Ksh 2,900 wholesale price Kenya ..., Sapphire Shimmer Royal Blue Metallic Glittering Curtains, Velvet 16ft H x 52" W Drape/Backdrop Curtain Panel - Navy ..., Royal Blue Velvet Curtains for Living Room & Bedroom ..., Blue Mariposa Upholstered Custom Printed Linen Privacy ..., Amazon.com : 10 x 10ft Navy Blue Backdrop Curtains with ..., PAZIA PAZIA PAZIA CHIMBO LA PAZIA NI MOJA TU Prisca ..., BalsaCircle 8 feet x 8 feet Royal Blue Velvet Backdrop ..., 3pc Marble & Velvet Curtains. 2pc's Curtains(1.5M each ..., Generic Blue Heavy Velvet Curtains - 2pcs 15m Each, Cordelia Navy Floral and Leaf Curtain Panel, RT Designers Collection RT Designer Collection Helena Halo ..., sequin backdrop, Backdrop panel, Photo Backdrop Curtain ..., Karibuni sana mapazia Tz shiringi 35,000/#foryou #tanzania ..., ACHIM Bedford Front Tab Light Filtering Window Curtain Panel ..., Buy Indigo blue block print window curtains - Blue Flowers ..., Luxury Ring top Plush Velvet Window Curtains, NAOMBA REPOST YAKO Pazia nzito zenye kuleta muonekano mzuri ..., ASHLEY NEWAIR MENTENG - Updated 2026 Prices & Hotel Reviews ..., Art Deco Marble Curtains: Golden Blue Bohemian Living Room ..., Best price for Classic Heavy Velvet Curtains -3pcs, 1.5m ..., Factory Direct New Arrival Eco-friendly Navy Blue Sequin ..., Metallic Foil Printed Damask Pattern Blackout Curtains ..., 1 silvery foil branch blackout curtain curtain - Temu, 8x8 Satin Rosette Wedding Backdrop, Color: Dusty blue | Michaels, خرید و قیمت پرده مخمل کالیفرنیا طلاکوب (متری 550000تومان) از ..., Five Queens Court Woodstock Indigo 2-pack Window Curtain Set ..., Betheny Jacquard Curtain with Attached Valance – Glory Home ..., Stallion Decor Pvt Ltd in Lajpat Nagar 2,Delhi - Best Window ..., Rod Pocket Velvet Curtains | Soundproof and Blackout – NICETOWN, Buy Galaxy Home Decor 3 Piece Combination Curtains for Long ..., Sequin Table Runner 12"x108" Royal Blue | eFavormart, Elegant Royal Blue and Gold Backdrop Ideas for a Glamorous ..., Sparkle Life Gold Glitter Blue Velvet Blackout Curtain Drapes, Velvet 14ft H x 52" W Drape/Backdrop Curtain Panel - Royal ..., Printed Curtains – Milano Collections, Draperies - Chenille - Jane 2 - Brilliant Drapery Shop, Navy Asymmetrical Draped Stretch Metallic Lace Gown ..., Efavormart 20ft x 10ft Black Spandex Party Wedding Backdrop ..., Hotel supplies-
2026-07-02 14:52:45 - Found 15 products in database
2026-07-02 14:52:45 - Image found at: ../../assets/uploads/products/1780549697_6a21084173a28.jpeg
2026-07-02 14:52:45 - Image found at: ../../assets/uploads/products/1780549793_6a2108a1422fd.jpeg
2026-07-02 14:52:45 - Image found at: ../../assets/uploads/products/1780549867_6a2108eb9b7b0.jpeg
2026-07-02 14:52:45 - Image found at: ../../assets/uploads/products/1780549916_6a21091c8bfd1.jpeg
2026-07-02 14:52:45 - Image found at: ../../assets/uploads/products/1780550005_6a2109754664d.jpeg
2026-07-02 14:52:45 - Image found at: ../../assets/uploads/products/1780609524_6a21f1f4bec24.jpeg
2026-07-02 14:52:45 - Image found at: ../../assets/uploads/products/1780609600_6a21f2402c79b.jpeg
2026-07-02 14:52:45 - Image found at: ../../assets/uploads/products/1781221136_6a2b4710d19be.jpg
2026-07-02 14:52:45 - Image found at: ../../assets/uploads/products/1781221233_6a2b4771e9b97.jpg
2026-07-02 14:52:45 - Image found at: ../../assets/uploads/products/1782625615_6a40b54fdbc32.jpg
2026-07-02 14:52:45 - Image found at: ../../assets/uploads/products/1782625807_6a40b60f0c98f.jpg
2026-07-02 14:52:45 - Image found at: ../../assets/uploads/products/1782626150_6a40b766488b1.jpg
2026-07-02 14:52:45 - Image found at: ../../assets/uploads/products/1782626509_6a40b8cd5140d.jpg
2026-07-02 14:52:45 - Image found at: ../../assets/uploads/products/1782626558_6a40b8fe94870.jpg
2026-07-02 14:52:45 - Image found at: ../../assets/uploads/products/1782626615_6a40b937e2088.jpg
2026-07-02 14:52:45 - Returning 15 products
2026-07-02 14:53:00 - === New search request ===
2026-07-02 14:53:00 - Temp file saved: ../../temp/6a465f2c161b2_1782996780_1780227702_6a1c1e76c7b1f.jpeg
2026-07-02 14:53:00 - Uploading to ImgBB...
2026-07-02 14:53:03 - Image uploaded to: https://i.ibb.co/ycTYhMQL/f091cf7ea431.jpg
2026-07-02 14:53:03 - Calling SerpApi Google Lens...
2026-07-02 14:53:06 - SerpApi response received
2026-07-02 14:53:06 - Found 60 visual matches
2026-07-02 14:53:06 - Search terms: 3-Piece Marble Curtains – Elegant Finish ✨ Includes 2 ..., Photo by mr mwalimu (@mwalimu_home_decor) · June 10, 2026, Location Dodoma Watsapp no 0719 053 875 We do deliveries, Rembesha nyumba yako, our prices are good Unaeza lipia pole ..., 𝐏𝐀𝐙𝐈𝐀 𝐏𝐋𝐀𝐈𝐍𝐈 Les PC 12000 Pazia double 30000 ..., Choose from our selection: Oxano, Avino, Frizzante ..., Amazon.com: ALIGOGO Gold and White Sheer Curtains for ..., Gcurtains_ | Tsh: 36,000 | $ 16 Size: m1.5, 2 curtains/pazia ..., Art Deco Marble Curtains: Golden Blue Bohemian Living ..., Generic 2pcs 1.5m each +3m sheer Marble Curtains and sheers, Trending places > LyveCity, Amazon.com: always4u Yellow Soft Velvet Curtains 84 Inch ..., Kipepeo Store (@kipepeostore) • Facebook, Best price for curtains Color-Blue Size-100*200cm 1000161420, Taisier Home Gold Foil Print Linen Curtains, Geometric Dots ..., Generic 3pcs Marble Curtains comes as 2 curtains 1.5M each, NAOMBA REPOST YAKO Pazia za velvet nzito Mita 1.5 Bei ..., Royal Crest – PardaBazar, Curtains Set (Pazia Set , Pazia Nzito 2 Na Less 1) - Bam ..., 🔥🔥PAZIA VALVET 🔥🔥 Rangi zipo zote *Blue shule* *Nyeusi ..., Curtains – Makena Interior Designs, Best price for Shiny Curtains With Sheer 3Piece Shiny ..., Amazon.com: Taisier Home Gold Foil Print Linen Textured ..., Velvet 10ft H x 52" W Drape/Backdrop Curtain Panel - Canary ..., TUNDUMA TANZANIA & NAKONDE ZAMBIA, Taisier Home Foil Print Linen, Geometric Dots Curtains ..., s-l1200.jpg, 3pc Marble Velvet Curtains @Ksh 2,900 wholesale price Kenya ..., Covington Moonstruck Sulfur 55" Upholstery Fabric - Sailrite, Ready Made Turkish Curtains for Living Room - Modern ..., Online Store | Sew Unique Quilting & Fabrics, Bon Luxe Curtains Luxury Jacquard | TikTok, 30% off 3.25 Yard Remnant Brushed Metallic in Twilight ..., 3ftx8ft Gold Silk Tassel String Curtains | eFavormart, 4 panels sequin curtains 2ftx8ft puple golden sequin - Temu, NAOMBA REPOST YAKO Velvet pazia nzito pazia za kisasa hizi ..., Metallic Fringe Curtain Backdrop – National 5 and 10, Quality Velvet Curtains With Gold Patterns for House ..., Luxury 100% Polyester Striped Gold Foil Stamping Velvet ..., Pattern/Abstract Hologram (White/Gold), Ethan Modern Luxury Velvet Textured Curtains - Blue ..., Little Golden Books : r/nostalgia, 3pc Marble & Velvet Curtains. 2pc's Curtains(1.5M each ..., Covington Moonstruck Saphire 54 - The Fabric Mill, RT Designers Collection Cabana Two Pack Premium Grommet ..., MBEBA PROMAX (@mbenapromax) | TikTok, Custom Curtains in Kenya – Sheer, Blackout & Installation ..., Linens - D'z Rentals and Decor, Panoramic Canvas Wall Art Abstract Golden Marble Texture ..., China Gold Foil Printing Upholstery Fabric Manufacturers ..., Designer Curtain in Kannur, Kerala | Get Latest Price from ..., LEEAH JOO - ARTISTS - Garvey|Simon, BalsaCircle Gold 20 feet x 10 feet Metallic Spandex Backdrop ..., Modern Window Curtains Design Special Cloth Stock Photo ..., Shimmering Iridescent 5mm Sequins on Royal Blue Velvet - OneYard, ASHLEY NEWAIR MENTENG - Updated 2026 Prices & Hotel Reviews ..., Unbeatable Prices on curtain shear at Kilimall - Shop Now!, Photos by Silivia Home decor (@sylivia_home_decor) · May 28 ..., Luxurious Multicolor Jacquard Curtain - Elevate Modern Home ..., Amazon.com : Outpain 4ft x 10ft Gold Sequin Backdrop Curtain ...
2026-07-02 14:53:07 - Found 9 products in database
2026-07-02 14:53:07 - Image found at: ../../assets/uploads/products/1780549697_6a21084173a28.jpeg
2026-07-02 14:53:07 - Image found at: ../../assets/uploads/products/1780549793_6a2108a1422fd.jpeg
2026-07-02 14:53:07 - Image found at: ../../assets/uploads/products/1780549867_6a2108eb9b7b0.jpeg
2026-07-02 14:53:07 - Image found at: ../../assets/uploads/products/1780549916_6a21091c8bfd1.jpeg
2026-07-02 14:53:07 - Image found at: ../../assets/uploads/products/1780550005_6a2109754664d.jpeg
2026-07-02 14:53:07 - Image found at: ../../assets/uploads/products/1780609524_6a21f1f4bec24.jpeg
2026-07-02 14:53:07 - Image found at: ../../assets/uploads/products/1780609600_6a21f2402c79b.jpeg
2026-07-02 14:53:07 - Image found at: ../../assets/uploads/products/1781221136_6a2b4710d19be.jpg
2026-07-02 14:53:07 - Image found at: ../../assets/uploads/products/1781221233_6a2b4771e9b97.jpg
2026-07-02 14:53:07 - Returning 9 products
2026-07-06 12:52:19 - === New search request ===
2026-07-06 12:52:19 - Temp file saved: ../../temp/6a4b88e3bd443_1783335139_customer_20_1781937709.webp
2026-07-06 12:52:19 - Uploading to ImgBB...
2026-07-06 12:52:22 - Image uploaded to: https://i.ibb.co/2Yd3y5RP/c1c59b45be71.webp
2026-07-06 12:52:22 - Calling SerpApi Google Lens...
2026-07-06 12:52:29 - SerpApi response received
2026-07-06 12:52:29 - Found 59 visual matches
2026-07-06 12:52:29 - Search terms: Amazon.com : Marathon Adanac 3000 Digital Stopwatch Timer ..., Are you available to be a timer at Darke County?, MARATHON Adanac 3000 Digital Stopwatch Timer - Battery ..., Mark 1 1269062 Mark 1 106L Large Display Stopwatch at Lowes.com, Hand holding digital stopwatch outdoors | Premium Photo, Lab Stopwatch - Marketlab, Marathon Adanac 3000 Digital Stopwatch Timer, Black - High ..., Hand holding stopwatch png on transparent background ..., Black Hand Holding Timer Images | Free Photos, PNG Stickers ..., ADANAC 3000 Digital Stopwatch Timer - Marathon Watch Company, General Tools Three-Line Stopwatch with 16-Value Lap and ..., Stopwatches - Water Resistant/Shock-Resistant, Waterproof ..., Adanac 3000 Digital Stopwatch Timer Black Precision For ..., Traceable WD-35002-11 Waterproof/Shock-Resistant Stopwatch ..., 13,342 Digital Stopwatch Hand Royalty-Free Images, Stock ..., 24 hour electronic stopwatch/watch combination - Walmart.com, Fastime 0 Basic Stopwatch on Sale at Proswimwear.co.uk, Value Collection - LCD Digital Stopwatch | MSC Direct, Traceable 1045 Water/Shock Resistant Stopwatch, Stop watch Images - Free Download on Magnific (formerly Freepik), Marathon Watch Company: Stopwatches - Amazon.com, Quickly Pull KPIs with Intelex | Intelex Technologies ULC ..., FASTIME 0, 1/100th second stopwatch | ON ORECA Store, Digi-Sense Waterproof/Shock-Resistant Digital Stopwatch with ..., 1/100 Second Stopwatch | DICK'S Sporting Goods, Fisher Scientific Traceable Waterproof/Shockproof Stopwatch ..., General Tools Sport Timer, Stopwatch with Clock SW269 - The ..., Marathon Adanac 3000 Digital Stopwatch Timer With Large ..., Digital Stopwatch Png - Fastime 01 - Black Stop Watch - Free ..., 107,878 Stopwatch Digital Royalty-Free Images, Stock Photos ..., Always in Stock - Traceable Water-Resistant/Shock-Resistant ..., Chronomètre Solaire, Mark 1 Large Display Stopwatch 106L, How Long Does It Take to Write a Book Right Now?, BIG DIGITAL DISPLAY STOP WATCH - Champion Sports, 4,535 Holding Sports Stopwatch Royalty-Free Images, Stock ..., Standard Stopwatch H-5670 - ULINE, Digital Stopwatch Stopwatch With Backlight Stopwatch With ..., High Quality ABS Portable Digital Stopwatch Timer Multi ..., Oakton WD-35002-11 Digi-Sense Waterproof and Shock-Resistant ..., Best Stopwatches of 2026: Top Picks for Sports, Value ..., Leadership Beyond Efficiency: Presence in a Digital Age ..., Amazon.com: General Tools SW888L Multi-Function Black ..., Electronic Stopwatch Waterproof Stopwatch Watch Finger ..., Fastime 01 Stopwatch - Black - Pack of 10 | CP057548 ..., Accusplit S1xl Stopwatch - YouTube, Champro stopwatch, Multi-Function Electronic Digital Sport Stopwatch Timer, Avia Programmable Digital Stopwatch with Lanyard and Alarm ..., Buy Marketlab 4045-BK, Lab Stopwatch Black 2.25"W x 0.56"D x ..., Stopwatch-China calculator manufacturer,factory,clock ..., How To Use The Fastime 01 Stopwatch - YouTube, Water Resistant Stopwatch - Accurate Timing for Every Need ..., Sporting Digital Sports Stopwatch Timer with Thermometer ..., DIGITAL CHRONOMETER DIAMOND * - Laboratory equipment, Stopwatch Timer – The Paramedic Shop cc, OFI Testing Equipment, Inc. - Digital Stopwatch, EAI® Colt 290 Plus Digital Stopwatch, Stop Watch - Digital - Freeport Medical Supply Inc.
2026-07-06 12:52:30 - Found 9 products in database
2026-07-06 12:52:30 - Image found at: ../../assets/uploads/products/1781220872_6a2b46085fcc8.webp
2026-07-06 12:52:30 - Image found at: ../../assets/uploads/products/1781220975_6a2b466fb9ce7.jpg
2026-07-06 12:52:30 - Image found at: ../../assets/uploads/products/1781221136_6a2b4710d19be.jpg
2026-07-06 12:52:30 - Image found at: ../../assets/uploads/products/1781221233_6a2b4771e9b97.jpg
2026-07-06 12:52:30 - Image found at: ../../assets/uploads/products/1781221299_6a2b47b3922ae.webp
2026-07-06 12:52:30 - Image found at: ../../assets/uploads/products/1781221365_6a2b47f58ca02.jpg
2026-07-06 12:52:30 - Image found at: ../../assets/uploads/products/1781221479_6a2b48679cf97.webp
2026-07-06 12:52:30 - Image found at: ../../assets/uploads/products/1780413814_6a1ef576b24f2.webp
2026-07-06 12:52:30 - Image found at: ../../assets/uploads/products/1780548841_6a2104e90866f.webp
2026-07-06 12:52:30 - Returning 9 products
2026-07-09 08:53:53 - === New search request ===
2026-07-09 08:53:53 - Temp file saved: ../../temp/6a4f458161580_1783580033_customer_20_1781937709.webp
2026-07-09 08:53:53 - Uploading to ImgBB...
2026-07-09 08:53:53 - ImgBB upload failed: HTTP 0: 
